"last_updated","date","change_cases","change_fatalities","change_tests","change_hospitalizations","change_criticals","change_recoveries","change_vaccinations","change_vaccinated","change_boosters_1","change_vaccines_distributed","total_cases","total_fatalities","total_tests","total_hospitalizations","total_criticals","total_recoveries","total_vaccinations","total_vaccinated","total_boosters_1","total_vaccines_distributed"
"2022-01-14 20:00:00",2020-01-25,1,0,2,0,0,0,0,0,0,0,1,0,2,0,0,0,0,0,0,0
"2022-01-14 20:00:00",2020-01-26,1,0,4,0,0,0,0,0,0,0,2,0,6,0,0,0,0,0,0,0
"2022-01-14 20:00:00",2020-01-27,0,0,20,0,0,0,0,0,0,0,2,0,26,0,0,0,0,0,0,0
"2022-01-14 20:00:00",2020-01-28,1,0,10,0,0,0,0,0,0,0,3,0,36,0,0,0,0,0,0,0
"2022-01-14 20:00:00",2020-01-29,0,0,3,0,0,0,0,0,0,0,3,0,39,0,0,0,0,0,0,0
"2022-01-14 20:00:00",2020-01-30,0,0,26,0,0,0,0,0,0,0,3,0,65,0,0,0,0,0,0,0
"2022-01-14 20:00:00",2020-01-31,1,0,33,0,0,0,0,0,0,0,4,0,98,0,0,0,0,0,0,0
"2022-01-14 20:00:00",2020-02-01,0,0,23,0,0,0,0,0,0,0,4,0,121,0,0,0,0,0,0,0
"2022-01-14 20:00:00",2020-02-02,0,0,24,0,0,0,0,0,0,0,4,0,145,0,0,0,0,0,0,0
"2022-01-14 20:00:00",2020-02-03,0,0,16,0,0,0,0,0,0,0,4,0,161,0,0,0,0,0,0,0
"2022-01-14 20:00:00",2020-02-04,0,0,56,0,0,0,0,0,0,0,4,0,217,0,0,0,0,0,0,0
"2022-01-14 20:00:00",2020-02-05,1,0,50,0,0,0,0,0,0,0,5,0,267,0,0,0,0,0,0,0
"2022-01-14 20:00:00",2020-02-06,2,0,35,0,0,0,0,0,0,0,7,0,302,0,0,0,0,0,0,0
"2022-01-14 20:00:00",2020-02-07,0,0,63,0,0,0,0,0,0,0,7,0,365,0,0,0,0,0,0,0
"2022-01-14 20:00:00",2020-02-08,0,0,41,0,0,0,0,0,0,0,7,0,406,0,0,0,0,0,0,0
"2022-01-14 20:00:00",2020-02-09,0,0,30,0,0,0,0,0,0,0,7,0,436,0,0,0,0,0,0,0
"2022-01-14 20:00:00",2020-02-10,0,0,10,0,0,0,0,0,0,0,7,0,446,0,0,0,0,0,0,0
"2022-01-14 20:00:00",2020-02-11,0,0,37,0,0,0,0,0,0,0,7,0,483,0,0,0,0,0,0,0
"2022-01-14 20:00:00",2020-02-12,0,0,70,0,0,0,0,0,0,0,7,0,553,0,0,0,0,0,0,0
"2022-01-14 20:00:00",2020-02-13,0,0,55,0,0,0,0,0,0,0,7,0,608,0,0,0,0,0,0,0
"2022-01-14 20:00:00",2020-02-14,1,0,91,0,0,0,0,0,0,0,8,0,699,0,0,0,0,0,0,0
"2022-01-14 20:00:00",2020-02-15,0,0,44,0,0,0,0,0,0,0,8,0,743,0,0,0,0,0,0,0
"2022-01-14 20:00:00",2020-02-16,0,0,12,0,0,0,0,0,0,0,8,0,755,0,0,0,0,0,0,0
"2022-01-14 20:00:00",2020-02-17,0,0,29,0,0,0,0,0,0,0,8,0,784,0,0,0,0,0,0,0
"2022-01-14 20:00:00",2020-02-18,0,0,4,0,0,0,0,0,0,0,8,0,788,0,0,0,0,0,0,0
"2022-01-14 20:00:00",2020-02-19,0,0,101,0,0,0,0,0,0,0,8,0,889,0,0,0,0,0,0,0
"2022-01-14 20:00:00",2020-02-20,1,0,57,0,0,0,0,0,0,0,9,0,946,0,0,0,0,0,0,0
"2022-01-14 20:00:00",2020-02-21,0,0,65,0,0,0,0,0,0,0,9,0,1011,0,0,0,0,0,0,0
"2022-01-14 20:00:00",2020-02-22,0,0,45,0,0,0,0,0,0,0,9,0,1056,0,0,0,0,0,0,0
"2022-01-14 20:00:00",2020-02-23,1,0,44,0,0,0,0,0,0,0,10,0,1100,0,0,0,0,0,0,0
"2022-01-14 20:00:00",2020-02-24,1,0,17,0,0,0,0,0,0,0,11,0,1117,0,0,0,0,0,0,0
"2022-01-14 20:00:00",2020-02-25,0,0,61,0,0,0,0,0,0,0,11,0,1178,0,0,0,0,0,0,0
"2022-01-14 20:00:00",2020-02-26,1,0,76,0,0,0,0,0,0,0,12,0,1254,0,0,0,0,0,0,0
"2022-01-14 20:00:00",2020-02-27,2,0,230,0,0,0,0,0,0,0,14,0,1484,0,0,0,0,0,0,0
"2022-01-14 20:00:00",2020-02-28,2,0,134,0,0,0,0,0,0,0,16,0,1618,0,0,0,0,0,0,0
"2022-01-14 20:00:00",2020-02-29,4,0,182,0,0,0,0,0,0,0,20,0,1800,0,0,0,0,0,0,0
"2022-01-14 20:00:00",2020-03-01,4,0,105,0,0,7,0,0,0,0,24,0,1905,0,0,7,0,0,0,0
"2022-01-14 20:00:00",2020-03-02,3,0,1127,0,0,0,0,0,0,0,27,0,3032,0,0,7,0,0,0,0
"2022-01-14 20:00:00",2020-03-03,6,0,329,0,0,0,0,0,0,0,33,0,3361,0,0,7,0,0,0,0
"2022-01-14 20:00:00",2020-03-04,1,0,522,0,0,0,0,0,0,0,34,0,3883,0,0,7,0,0,0,0
"2022-01-14 20:00:00",2020-03-05,13,0,752,0,0,1,0,0,0,0,47,0,4635,0,0,8,0,0,0,0
"2022-01-14 20:00:00",2020-03-06,5,0,585,0,0,0,0,0,0,0,52,0,5220,0,0,8,0,0,0,0
"2022-01-14 20:00:00",2020-03-07,8,0,1018,0,0,0,0,0,0,0,60,0,6238,0,0,8,0,0,0,0
"2022-01-14 20:00:00",2020-03-08,4,1,1053,0,0,0,0,0,0,0,64,1,7291,0,0,8,0,0,0,0
"2022-01-14 20:00:00",2020-03-09,15,0,777,4,0,0,0,0,0,0,79,1,8068,4,0,8,0,0,0,0
"2022-01-14 20:00:00",2020-03-10,17,0,1960,1,0,1,0,0,0,0,96,1,10028,5,0,9,0,0,0,0
"2022-01-14 20:00:00",2020-03-11,22,1,2057,0,0,0,0,0,0,0,117,2,12085,5,0,9,0,0,0,0
"2022-01-14 20:00:00",2020-03-12,40,0,2945,0,0,0,0,0,0,0,157,2,15030,5,0,9,0,0,0,0
"2022-01-14 20:00:00",2020-03-13,40,0,4517,2,1,1,0,0,0,0,196,2,19547,7,1,10,0,0,0,0
"2022-01-14 20:00:00",2020-03-14,59,0,4665,2,1,0,0,0,0,0,253,2,24212,9,2,10,0,0,0,0
"2022-01-14 20:00:00",2020-03-15,84,0,5797,0,0,0,0,0,0,0,337,2,30009,9,2,10,0,0,0,0
"2022-01-14 20:00:00",2020-03-16,100,3,6317,8,0,0,0,0,0,0,433,5,36326,17,2,10,0,0,0,0
"2022-01-14 20:00:00",2020-03-17,155,3,8279,5,4,0,0,0,0,0,587,8,44605,22,6,10,0,0,0,0
"2022-01-14 20:00:00",2020-03-18,130,1,12766,9,8,1,0,0,0,0,717,9,57371,31,14,11,0,0,0,0
"2022-01-14 20:00:00",2020-03-19,146,3,13115,11,2,2,0,0,0,0,862,12,70486,42,16,13,0,0,0,0
"2022-01-14 20:00:00",2020-03-20,214,1,12144,10,8,2,0,0,0,0,1074,13,82630,52,24,15,0,0,0,0
"2022-01-14 20:00:00",2020-03-21,244,4,14557,16,7,1,0,0,0,0,1317,17,97187,68,31,16,0,0,0,0
"2022-01-14 20:00:00",2020-03-22,189,3,13390,8,4,2,0,0,0,0,1506,20,110577,76,35,18,0,0,0,0
"2022-01-14 20:00:00",2020-03-23,639,4,13304,27,9,94,0,0,0,0,2145,24,123881,103,44,112,0,0,0,0
"2022-01-14 20:00:00",2020-03-24,661,3,13931,50,20,74,0,0,0,0,2806,27,137812,153,64,186,0,0,0,0
"2022-01-14 20:00:00",2020-03-25,590,8,13470,23,8,11,0,0,0,0,3396,35,151282,176,72,197,0,0,0,0
"2022-01-14 20:00:00",2020-03-26,634,4,14785,40,10,31,0,0,0,0,4030,39,166067,216,82,228,0,0,0,0
"2022-01-14 20:00:00",2020-03-27,713,16,14320,44,7,126,0,0,0,0,4743,55,180387,260,89,354,0,0,0,0
"2022-01-14 20:00:00",2020-03-28,898,6,17693,34,36,147,0,0,0,0,5641,61,198080,294,125,501,0,0,0,0
"2022-01-14 20:00:00",2020-03-29,681,5,18070,35,17,84,0,0,0,0,6322,66,216150,329,142,585,0,0,0,0
"2022-01-14 20:00:00",2020-03-30,1112,13,12172,77,15,529,0,0,0,0,7434,79,228322,406,157,1114,0,0,0,0
"2022-01-14 20:00:00",2020-03-31,1143,22,16631,76,8,183,0,0,0,0,8577,101,244953,482,165,1297,0,0,0,0
"2022-01-14 20:00:00",2020-04-01,1140,10,22557,44,9,424,0,0,0,0,9717,111,267510,526,174,1721,0,0,0,0
"2022-01-14 20:00:00",2020-04-02,1552,27,20065,467,188,250,0,0,0,0,11269,138,287575,993,362,1971,0,0,0,0
"2022-01-14 20:00:00",2020-04-03,1266,49,20384,136,35,352,0,0,0,0,12535,187,307959,1129,397,2323,0,0,0,0
"2022-01-14 20:00:00",2020-04-04,1469,46,18391,87,27,456,0,0,0,0,14004,233,326350,1216,424,2779,0,0,0,0
"2022-01-14 20:00:00",2020-04-05,1521,47,12974,56,31,321,0,0,0,0,15525,280,339324,1272,455,3100,0,0,0,0
"2022-01-14 20:00:00",2020-04-06,1128,43,11987,79,31,516,0,0,0,0,16653,323,351311,1351,486,3616,0,0,0,0
"2022-01-14 20:00:00",2020-04-07,1229,58,11703,79,19,434,0,0,0,0,17882,381,363014,1430,505,4050,0,0,0,0
"2022-01-14 20:00:00",2020-04-08,1394,54,14581,37,18,603,0,0,0,0,19276,435,377595,1467,523,4653,0,0,0,0
"2022-01-14 20:00:00",2020-04-09,1474,74,14945,71,38,658,0,0,0,0,20750,509,392540,1538,561,5311,0,0,0,0
"2022-01-14 20:00:00",2020-04-10,1383,60,16214,91,-19,702,0,0,0,0,22133,569,408754,1629,542,6013,0,0,0,0
"2022-01-14 20:00:00",2020-04-11,1169,84,15675,67,19,637,0,0,0,0,23302,653,424429,1696,561,6650,0,0,0,0
"2022-01-14 20:00:00",2020-04-12,1091,64,19474,96,9,522,0,0,0,0,24393,717,443903,1792,570,7172,0,0,0,0
"2022-01-14 20:00:00",2020-04-13,1270,63,16565,80,6,563,0,0,0,0,25663,780,460468,1872,576,7735,0,0,0,0
"2022-01-14 20:00:00",2020-04-14,1383,123,18615,64,-5,500,0,0,0,0,27046,903,479083,1936,571,8235,0,0,0,0
"2022-01-14 20:00:00",2020-04-15,1318,107,18380,70,-11,744,0,0,0,0,28364,1010,497463,2006,560,8979,0,0,0,0
"2022-01-14 20:00:00",2020-04-16,1727,165,23330,42,-20,750,0,0,0,0,30091,1175,520793,2048,540,9729,0,0,0,0
"2022-01-14 20:00:00",2020-04-17,1821,135,21013,83,-6,813,0,0,0,0,31912,1310,541806,2131,534,10542,0,0,0,0
"2022-01-14 20:00:00",2020-04-18,1455,160,27115,51,58,665,0,0,0,0,33367,1470,568921,2182,592,11207,0,0,0,0
"2022-01-14 20:00:00",2020-04-19,1702,120,24839,-50,-76,636,0,0,0,0,35069,1590,593760,2132,516,11843,0,0,0,0
"2022-01-14 20:00:00",2020-04-20,1745,100,21038,56,11,743,0,0,0,0,36814,1690,614798,2188,527,12586,0,0,0,0
"2022-01-14 20:00:00",2020-04-21,1591,144,22293,117,4,602,0,0,0,0,38405,1834,637091,2305,531,13188,0,0,0,0
"2022-01-14 20:00:00",2020-04-22,1768,140,24896,64,-13,798,0,0,0,0,40173,1974,661987,2369,518,13986,0,0,0,0
"2022-01-14 20:00:00",2020-04-23,1920,173,27491,148,-5,775,0,0,0,0,42093,2147,689478,2517,513,14761,0,0,0,0
"2022-01-14 20:00:00",2020-04-24,1778,155,28893,65,27,780,0,0,0,0,43871,2302,718371,2582,540,15541,0,0,0,0
"2022-01-14 20:00:00",2020-04-25,1466,163,27738,67,-7,884,0,0,0,0,45337,2465,746109,2649,533,16425,0,0,0,0
"2022-01-14 20:00:00",2020-04-26,1580,95,27357,27,3,896,0,0,0,0,46917,2560,773466,2676,536,17321,0,0,0,0
"2022-01-14 20:00:00",2020-04-27,1566,147,27571,37,-20,947,0,0,0,0,48483,2707,801037,2713,516,18268,0,0,0,0
"2022-01-14 20:00:00",2020-04-28,1520,152,21343,94,5,827,0,0,0,0,50003,2859,822380,2807,521,19095,0,0,0,0
"2022-01-14 20:00:00",2020-04-29,1570,137,32108,40,1,1232,0,0,0,0,51573,2996,854488,2847,522,20327,0,0,0,0
"2022-01-14 20:00:00",2020-04-30,1638,188,31435,56,-16,1090,0,0,0,0,53211,3184,885923,2903,506,21417,0,0,0,0
"2022-01-14 20:00:00",2020-05-01,1825,207,35927,50,8,1334,0,0,0,0,55036,3391,921850,2953,514,22751,0,0,0,0
"2022-01-14 20:00:00",2020-05-02,1653,175,34925,-27,-4,1050,0,0,0,0,56689,3566,956775,2926,510,23801,0,0,0,0
"2022-01-14 20:00:00",2020-05-03,2794,116,33706,48,4,1107,0,0,0,0,59483,3682,990481,2974,514,24908,0,0,0,0
"2022-01-14 20:00:00",2020-05-04,1265,172,30896,-5,-4,1109,0,0,0,0,60748,3854,1021377,2969,510,26017,0,0,0,0
"2022-01-14 20:00:00",2020-05-05,1273,189,23751,109,1,976,0,0,0,0,62021,4043,1045128,3078,511,26993,0,0,0,0
"2022-01-14 20:00:00",2020-05-06,1448,189,30330,5,-10,1178,0,0,0,0,63469,4232,1075458,3083,501,28171,0,0,0,0
"2022-01-14 20:00:00",2020-05-07,1424,176,33852,-5,5,1076,0,0,0,0,64893,4408,1109310,3078,506,29247,0,0,0,0
"2022-01-14 20:00:00",2020-05-08,1514,161,34850,-8,-22,979,0,0,0,0,66407,4569,1144160,3070,484,30226,0,0,0,0
"2022-01-14 20:00:00",2020-05-09,1268,124,37219,-16,-14,1023,0,0,0,0,67675,4693,1181379,3054,470,31249,0,0,0,0
"2022-01-14 20:00:00",2020-05-10,1155,178,35962,-67,-13,847,0,0,0,0,68830,4871,1217341,2987,457,32096,0,0,0,0
"2022-01-14 20:00:00",2020-05-11,1124,122,29010,70,-8,898,0,0,0,0,69954,4993,1246351,3057,449,32994,0,0,0,0
"2022-01-14 20:00:00",2020-05-12,1175,176,26770,-1,-14,1042,0,0,0,0,71129,5169,1273121,3056,435,34036,0,0,0,0
"2022-01-14 20:00:00",2020-05-13,1121,135,34247,23,1,1128,0,0,0,0,72250,5304,1307368,3079,436,35164,0,0,0,0
"2022-01-14 20:00:00",2020-05-14,1211,168,37813,-38,-14,927,0,0,0,0,73461,5472,1345181,3041,422,36091,0,0,0,0
"2022-01-14 20:00:00",2020-05-15,1125,90,40464,-66,-5,804,0,0,0,0,74586,5562,1385645,2975,417,36895,0,0,0,0
"2022-01-14 20:00:00",2020-05-16,1251,117,38990,-76,-13,924,0,0,0,0,75837,5679,1424635,2899,404,37819,0,0,0,0
"2022-01-14 20:00:00",2020-05-17,1146,103,37271,-43,-5,731,0,0,0,0,76983,5782,1461906,2856,399,38550,0,0,0,0
"2022-01-14 20:00:00",2020-05-18,1062,60,25682,40,-1,688,0,0,0,0,78045,5842,1487588,2896,398,39238,0,0,0,0
"2022-01-14 20:00:00",2020-05-19,1040,70,20266,-218,4,812,0,0,0,0,79085,5912,1507854,2678,402,40050,0,0,0,0
"2022-01-14 20:00:00",2020-05-20,1029,119,24024,-24,-8,726,0,0,0,0,80114,6031,1531878,2654,394,40776,0,0,0,0
"2022-01-14 20:00:00",2020-05-21,1182,121,30792,-17,-14,434,0,0,0,0,81296,6152,1562670,2637,380,41210,0,0,0,0
"2022-01-14 20:00:00",2020-05-22,1155,98,33782,-52,-11,1384,0,0,0,0,82451,6250,1596452,2585,369,42594,0,0,0,0
"2022-01-14 20:00:00",2020-05-23,1141,105,34036,-81,-5,711,0,0,0,0,83592,6355,1630488,2504,364,43305,0,0,0,0
"2022-01-14 20:00:00",2020-05-24,1084,69,31979,-56,4,680,0,0,0,0,84676,6424,1662467,2448,368,43985,0,0,0,0
"2022-01-14 20:00:00",2020-05-25,1006,121,27136,-33,7,653,0,0,0,0,85682,6545,1689603,2415,375,44638,0,0,0,0
"2022-01-14 20:00:00",2020-05-26,937,94,26211,-34,-4,701,0,0,0,0,86619,6639,1715814,2381,371,45339,0,0,0,0
"2022-01-14 20:00:00",2020-05-27,871,126,35577,-27,5,825,0,0,0,0,87490,6765,1751391,2354,376,46164,0,0,0,0
"2022-01-14 20:00:00",2020-05-28,994,111,37924,-62,-18,676,0,0,0,0,88484,6876,1789315,2292,358,46840,0,0,0,0
"2022-01-14 20:00:00",2020-05-29,906,102,44995,-69,-9,619,0,0,0,0,89390,6978,1834310,2223,349,47459,0,0,0,0
"2022-01-14 20:00:00",2020-05-30,772,95,42791,-86,-13,644,0,0,0,0,90162,7073,1877101,2137,336,48103,0,0,0,0
"2022-01-14 20:00:00",2020-05-31,766,222,38528,-21,6,776,0,0,0,0,90928,7295,1915629,2116,342,48879,0,0,0,0
"2022-01-14 20:00:00",2020-06-01,750,31,32400,-17,-2,596,0,0,0,0,91678,7326,1948029,2099,340,49475,0,0,0,0
"2022-01-14 20:00:00",2020-06-02,705,69,32944,8,0,869,0,0,0,0,92383,7395,1980973,2107,340,50344,0,0,0,0
"2022-01-14 20:00:00",2020-06-03,675,103,39894,-44,-7,691,0,0,0,0,93058,7498,2020867,2063,333,51035,0,0,0,0
"2022-01-14 20:00:00",2020-06-04,637,139,42574,-91,-19,691,0,0,0,0,93695,7637,2063441,1972,314,51726,0,0,0,0
"2022-01-14 20:00:00",2020-06-05,610,66,42916,-81,-18,829,0,0,0,0,94305,7703,2106357,1891,296,52555,0,0,0,0
"2022-01-14 20:00:00",2020-06-06,736,70,43306,-128,-6,1046,0,0,0,0,95041,7773,2149663,1763,290,53601,0,0,0,0
"2022-01-14 20:00:00",2020-06-07,649,27,30329,-47,-5,619,0,0,0,0,95690,7800,2179992,1716,285,54220,0,0,0,0
"2022-01-14 20:00:00",2020-06-08,527,33,37256,-27,-7,582,0,0,0,0,96217,7833,2217248,1689,278,54802,0,0,0,0
"2022-01-14 20:00:00",2020-06-09,408,62,36866,-21,-5,757,0,0,0,0,96625,7895,2254114,1668,273,55559,0,0,0,0
"2022-01-14 20:00:00",2020-06-10,473,63,40614,-72,4,1067,0,0,0,0,97098,7958,2294728,1596,277,56626,0,0,0,0
"2022-01-14 20:00:00",2020-06-11,405,36,46586,-81,-3,1019,0,0,0,0,97503,7994,2341314,1515,274,57645,0,0,0,0
"2022-01-14 20:00:00",2020-06-12,414,55,50173,-36,-14,865,0,0,0,0,97917,8049,2391487,1479,260,58510,0,0,0,0
"2022-01-14 20:00:00",2020-06-13,481,58,45722,-84,-8,831,0,0,0,0,98398,8107,2437209,1395,252,59341,0,0,0,0
"2022-01-14 20:00:00",2020-06-14,393,39,41072,-78,-25,918,0,0,0,0,98791,8146,2478281,1317,227,60259,0,0,0,0
"2022-01-14 20:00:00",2020-06-15,324,29,36360,-13,0,770,0,0,0,0,99115,8175,2514641,1304,227,61029,0,0,0,0
"2022-01-14 20:00:00",2020-06-16,324,38,36642,-58,-7,401,0,0,0,0,99439,8213,2551283,1246,220,61430,0,0,0,0
"2022-01-14 20:00:00",2020-06-17,386,41,46106,-60,-12,375,0,0,0,0,99825,8254,2597389,1186,208,61805,0,0,0,0
"2022-01-14 20:00:00",2020-06-18,366,46,47736,-89,-15,678,0,0,0,0,100191,8300,2645125,1097,193,62483,0,0,0,0
"2022-01-14 20:00:00",2020-06-19,407,46,48716,-78,-7,507,0,0,0,0,100598,8346,2693841,1019,186,62990,0,0,0,0
"2022-01-14 20:00:00",2020-06-20,404,64,45316,-47,2,485,0,0,0,0,101002,8410,2739157,972,188,63475,0,0,0,0
"2022-01-14 20:00:00",2020-06-21,323,20,41841,-60,5,398,0,0,0,0,101325,8430,2780998,912,193,63873,0,0,0,0
"2022-01-14 20:00:00",2020-06-22,283,6,36701,-21,-16,448,0,0,0,0,101608,8436,2817699,891,177,64321,0,0,0,0
"2022-01-14 20:00:00",2020-06-23,335,18,39061,21,1,370,0,0,0,0,101943,8454,2856760,912,178,64691,0,0,0,0
"2022-01-14 20:00:00",2020-06-24,279,30,41664,-26,-8,387,0,0,0,0,102222,8484,2898424,886,170,65078,0,0,0,0
"2022-01-14 20:00:00",2020-06-25,379,20,46260,-17,-5,334,0,0,0,0,102601,8504,2944684,869,165,65412,0,0,0,0
"2022-01-14 20:00:00",2020-06-26,250,4,49945,-23,-9,301,0,0,0,0,102851,8508,2994629,846,156,65713,0,0,0,0
"2022-01-14 20:00:00",2020-06-27,334,8,53381,-28,-8,247,0,0,0,0,103185,8516,3048010,818,148,65960,0,0,0,0
"2022-01-14 20:00:00",2020-06-28,309,6,46918,-44,-4,218,0,0,0,0,103494,8522,3094928,774,144,66178,0,0,0,0
"2022-01-14 20:00:00",2020-06-29,405,44,43287,18,-1,987,0,0,0,0,103899,8566,3138215,792,143,67165,0,0,0,0
"2022-01-14 20:00:00",2020-06-30,286,25,40629,-36,-15,414,0,0,0,0,104185,8591,3178844,756,128,67579,0,0,0,0
"2022-01-14 20:00:00",2020-07-01,265,28,38530,-16,-8,340,0,0,0,0,104450,8619,3217374,740,120,67919,0,0,0,0
"2022-01-14 20:00:00",2020-07-02,302,23,51582,-105,-1,415,0,0,0,0,104752,8642,3268956,635,119,68334,0,0,0,0
"2022-01-14 20:00:00",2020-07-03,325,21,42507,14,-2,346,0,0,0,0,105077,8663,3311463,649,117,68680,0,0,0,0
"2022-01-14 20:00:00",2020-07-04,266,11,39035,-17,-7,313,0,0,0,0,105343,8674,3350498,632,110,68993,0,0,0,0
"2022-01-14 20:00:00",2020-07-05,290,10,39649,-17,-5,251,0,0,0,0,105633,8684,3390147,615,105,69244,0,0,0,0
"2022-01-14 20:00:00",2020-07-06,288,9,32763,-18,-5,313,0,0,0,0,105921,8693,3422910,597,100,69557,0,0,0,0
"2022-01-14 20:00:00",2020-07-07,232,18,31672,-15,-3,313,0,0,0,0,106153,8711,3454582,582,97,69870,0,0,0,0
"2022-01-14 20:00:00",2020-07-08,267,26,42966,-26,1,364,0,0,0,0,106420,8737,3497548,556,98,70234,0,0,0,0
"2022-01-14 20:00:00",2020-07-09,371,11,48307,-30,-1,320,0,0,0,0,106791,8748,3545855,526,97,70554,0,0,0,0
"2022-01-14 20:00:00",2020-07-10,321,11,52702,1,2,323,0,0,0,0,107112,8759,3598557,527,99,70877,0,0,0,0
"2022-01-14 20:00:00",2020-07-11,297,14,53667,2,-6,455,0,0,0,0,107409,8773,3652224,529,93,71332,0,0,0,0
"2022-01-14 20:00:00",2020-07-12,380,10,51152,-15,0,240,0,0,0,0,107789,8783,3703376,514,93,71572,0,0,0,0
"2022-01-14 20:00:00",2020-07-13,349,7,41965,-15,1,256,0,0,0,0,108138,8790,3745341,499,94,71828,0,0,0,0
"2022-01-14 20:00:00",2020-07-14,331,8,35539,31,2,329,0,0,0,0,108469,8798,3780880,530,96,72157,0,0,0,0
"2022-01-14 20:00:00",2020-07-15,341,12,48329,-27,-7,315,0,0,0,0,108810,8810,3829209,503,89,72472,0,0,0,0
"2022-01-14 20:00:00",2020-07-16,437,17,55185,-12,-5,23999,0,0,0,0,109247,8827,3884394,491,84,96471,0,0,0,0
"2022-01-14 20:00:00",2020-07-17,405,12,58242,-8,3,204,0,0,0,0,109652,8839,3942636,483,87,96675,0,0,0,0
"2022-01-14 20:00:00",2020-07-18,547,9,60515,-13,1,269,0,0,0,0,110199,8848,4003151,470,88,96944,0,0,0,0
"2022-01-14 20:00:00",2020-07-19,467,4,53151,7,3,172,0,0,0,0,110666,8852,4056302,477,91,97116,0,0,0,0
"2022-01-14 20:00:00",2020-07-20,442,6,44506,11,6,345,0,0,0,0,111108,8858,4100808,488,97,97461,0,0,0,0
"2022-01-14 20:00:00",2020-07-21,575,4,47165,8,-4,283,0,0,0,0,111683,8862,4147973,496,93,97744,0,0,0,0
"2022-01-14 20:00:00",2020-07-22,542,8,52464,0,5,385,0,0,0,0,112225,8870,4200437,496,98,98129,0,0,0,0
"2022-01-14 20:00:00",2020-07-23,432,4,58091,15,0,377,0,0,0,0,112657,8874,4258528,511,98,98506,0,0,0,0
"2022-01-14 20:00:00",2020-07-24,534,7,61615,-27,-8,354,0,0,0,0,113191,8881,4320143,484,90,98860,0,0,0,0
"2022-01-14 20:00:00",2020-07-25,495,4,62327,-59,-6,312,0,0,0,0,113686,8885,4382470,425,84,99172,0,0,0,0
"2022-01-14 20:00:00",2020-07-26,479,5,55150,-27,-3,308,0,0,0,0,114165,8890,4437620,398,81,99480,0,0,0,0
"2022-01-14 20:00:00",2020-07-27,415,11,61777,3,-1,368,0,0,0,0,114580,8901,4499397,401,80,99848,0,0,0,0
"2022-01-14 20:00:00",2020-07-28,395,11,30013,11,0,253,0,0,0,0,114975,8912,4529410,412,80,100101,0,0,0,0
"2022-01-14 20:00:00",2020-07-29,415,5,57013,-9,0,351,0,0,0,0,115390,8917,4586423,403,80,100452,0,0,0,0
"2022-01-14 20:00:00",2020-07-30,410,12,61884,8,6,397,0,0,0,0,115800,8929,4648307,411,86,100849,0,0,0,0
"2022-01-14 20:00:00",2020-07-31,497,6,62633,-32,0,365,0,0,0,0,116297,8935,4710940,379,86,101214,0,0,0,0
"2022-01-14 20:00:00",2020-08-01,427,6,68143,-13,1,358,0,0,0,0,116724,8941,4779083,366,87,101572,0,0,0,0
"2022-01-14 20:00:00",2020-08-02,381,4,59731,-8,3,249,0,0,0,0,117105,8945,4838814,358,90,101821,0,0,0,0
"2022-01-14 20:00:00",2020-08-03,353,2,44847,1,-1,209,0,0,0,0,117458,8947,4883661,359,89,102030,0,0,0,0
"2022-01-14 20:00:00",2020-08-04,318,11,44242,4,10,407,0,0,0,0,117776,8958,4927903,363,99,102437,0,0,0,0
"2022-01-14 20:00:00",2020-08-05,396,4,45231,-22,0,338,0,0,0,0,118172,8962,4973134,341,99,102775,0,0,0,0
"2022-01-14 20:00:00",2020-08-06,374,4,55711,5,-7,318,0,0,0,0,118546,8966,5028845,346,92,103093,0,0,0,0
"2022-01-14 20:00:00",2020-08-07,424,4,59392,-18,-6,329,0,0,0,0,118970,8970,5088237,328,86,103422,0,0,0,0
"2022-01-14 20:00:00",2020-08-08,393,6,51279,-14,4,289,0,0,0,0,119363,8976,5139516,314,90,103711,0,0,0,0
"2022-01-14 20:00:00",2020-08-09,370,5,48507,-3,0,235,0,0,0,0,119733,8981,5188023,311,90,103946,0,0,0,0
"2022-01-14 20:00:00",2020-08-10,384,6,65629,-9,-7,2396,0,0,0,0,120117,8987,5253652,302,83,106342,0,0,0,0
"2022-01-14 20:00:00",2020-08-11,289,4,46763,-16,-1,297,0,0,0,0,120406,8991,5300415,286,82,106639,0,0,0,0
"2022-01-14 20:00:00",2020-08-12,423,15,54570,-13,-3,496,0,0,0,0,120829,9006,5354985,273,79,107135,0,0,0,0
"2022-01-14 20:00:00",2020-08-13,390,9,63586,-5,-1,404,0,0,0,0,121219,9015,5418571,268,78,107539,0,0,0,0
"2022-01-14 20:00:00",2020-08-14,418,5,64735,3,0,390,0,0,0,0,121637,9020,5483306,271,78,107929,0,0,0,0
"2022-01-14 20:00:00",2020-08-15,429,4,54918,-6,1,275,0,0,0,0,122066,9024,5538224,265,79,108204,0,0,0,0
"2022-01-14 20:00:00",2020-08-16,371,2,43556,-2,0,267,0,0,0,0,122437,9026,5581780,263,79,108471,0,0,0,0
"2022-01-14 20:00:00",2020-08-17,338,6,70235,-18,-6,576,0,0,0,0,122775,9032,5652015,245,73,109047,0,0,0,0
"2022-01-14 20:00:00",2020-08-18,364,13,48418,11,0,297,0,0,0,0,123139,9045,5700433,256,73,109344,0,0,0,0
"2022-01-14 20:00:00",2020-08-19,336,4,57407,3,1,310,0,0,0,0,123475,9049,5757840,259,74,109654,0,0,0,0
"2022-01-14 20:00:00",2020-08-20,383,5,59935,-12,0,621,0,0,0,0,123858,9054,5817775,247,74,110275,0,0,0,0
"2022-01-14 20:00:00",2020-08-21,500,10,65694,-9,-6,271,0,0,0,0,124358,9064,5883469,238,68,110546,0,0,0,0
"2022-01-14 20:00:00",2020-08-22,449,7,51257,-6,-8,126,0,0,0,0,124807,9071,5934726,232,60,110672,0,0,0,0
"2022-01-14 20:00:00",2020-08-23,453,2,43508,-6,-6,427,0,0,0,0,125260,9073,5978234,226,54,111099,0,0,0,0
"2022-01-14 20:00:00",2020-08-24,372,10,62774,3,0,453,0,0,0,0,125632,9083,6041008,229,54,111552,0,0,0,0
"2022-01-14 20:00:00",2020-08-25,323,7,44297,7,0,484,0,0,0,0,125955,9090,6085305,236,54,112036,0,0,0,0
"2022-01-14 20:00:00",2020-08-26,370,3,56692,-3,-1,333,0,0,0,0,126325,9093,6141997,233,53,112369,0,0,0,0
"2022-01-14 20:00:00",2020-08-27,432,8,61522,10,5,442,0,0,0,0,126757,9101,6203519,243,58,112811,0,0,0,0
"2022-01-14 20:00:00",2020-08-28,540,8,68665,10,1,409,0,0,0,0,127297,9109,6272184,253,59,113220,0,0,0,0
"2022-01-14 20:00:00",2020-08-29,582,4,55756,-10,3,267,0,0,0,0,127879,9113,6327940,243,62,113487,0,0,0,0
"2022-01-14 20:00:00",2020-08-30,557,4,45591,-1,1,163,0,0,0,0,128436,9117,6373531,242,63,113650,0,0,0,0
"2022-01-14 20:00:00",2020-08-31,498,9,74853,5,4,494,0,0,0,0,128934,9126,6448384,247,67,114144,0,0,0,0
"2022-01-14 20:00:00",2020-09-01,477,6,57204,26,5,450,0,0,0,0,129411,9132,6505588,273,72,114594,0,0,0,0
"2022-01-14 20:00:00",2020-09-02,499,3,57588,-5,-6,443,0,0,0,0,129910,9135,6563176,268,66,115037,0,0,0,0
"2022-01-14 20:00:00",2020-09-03,570,4,63058,-14,-4,294,0,0,0,0,130480,9139,6626234,254,62,115331,0,0,0,0
"2022-01-14 20:00:00",2020-09-04,631,1,69551,6,3,582,0,0,0,0,131111,9140,6695785,260,65,115913,0,0,0,0
"2022-01-14 20:00:00",2020-09-05,648,2,62484,-15,-1,210,0,0,0,0,131759,9142,6758269,245,64,116123,0,0,0,0
"2022-01-14 20:00:00",2020-09-06,687,2,58903,1,2,221,0,0,0,0,132446,9144,6817172,246,66,116344,0,0,0,0
"2022-01-14 20:00:00",2020-09-07,681,1,51301,6,1,221,0,0,0,0,133127,9145,6868473,252,67,116565,0,0,0,0
"2022-01-14 20:00:00",2020-09-08,608,7,53058,-2,-1,987,0,0,0,0,133735,9152,6921531,250,66,117552,0,0,0,0
"2022-01-14 20:00:00",2020-09-09,544,2,37160,13,-2,692,0,0,0,0,134279,9154,6958691,263,64,118244,0,0,0,0
"2022-01-14 20:00:00",2020-09-10,631,7,72057,7,-5,641,0,0,0,0,134910,9161,7030748,270,59,118885,0,0,0,0
"2022-01-14 20:00:00",2020-09-11,703,2,74594,6,-2,776,0,0,0,0,135613,9163,7105342,276,57,119661,0,0,0,0
"2022-01-14 20:00:00",2020-09-12,757,6,62129,-3,-3,401,0,0,0,0,136370,9169,7167471,273,54,120062,0,0,0,0
"2022-01-14 20:00:00",2020-09-13,807,2,57107,-3,4,356,0,0,0,0,137177,9171,7224578,270,58,120418,0,0,0,0
"2022-01-14 20:00:00",2020-09-14,820,8,97884,11,11,793,0,0,0,0,137997,9179,7322462,281,69,121211,0,0,0,0
"2022-01-14 20:00:00",2020-09-15,793,9,65957,17,10,607,0,0,0,0,138790,9188,7388419,298,79,121818,0,0,0,0
"2022-01-14 20:00:00",2020-09-16,943,5,68922,-13,7,609,0,0,0,0,139733,9193,7457341,285,86,122427,0,0,0,0
"2022-01-14 20:00:00",2020-09-17,1121,7,78576,17,3,623,0,0,0,0,140854,9200,7535917,302,89,123050,0,0,0,0
"2022-01-14 20:00:00",2020-09-18,1044,5,78529,11,-1,648,0,0,0,0,141898,9205,7614446,313,88,123698,0,0,0,0
"2022-01-14 20:00:00",2020-09-19,1102,6,75706,5,3,465,0,0,0,0,143000,9211,7690152,318,91,124163,0,0,0,0
"2022-01-14 20:00:00",2020-09-20,1095,6,70152,7,2,505,0,0,0,0,144095,9217,7760304,325,93,124668,0,0,0,0
"2022-01-14 20:00:00",2020-09-21,1307,11,94565,17,0,688,0,0,0,0,145402,9228,7854869,342,93,125356,0,0,0,0
"2022-01-14 20:00:00",2020-09-22,1247,6,77480,38,0,1525,0,0,0,0,146649,9234,7932349,380,93,126881,0,0,0,0
"2022-01-14 20:00:00",2020-09-23,1090,10,81671,28,5,883,0,0,0,0,147739,9244,8014020,408,98,127764,0,0,0,0
"2022-01-14 20:00:00",2020-09-24,1341,5,79217,3,7,772,0,0,0,0,149080,9249,8093237,411,105,128536,0,0,0,0
"2022-01-14 20:00:00",2020-09-25,1362,6,212398,15,-1,1014,0,0,0,0,150442,9255,8305635,426,104,129550,0,0,0,0
"2022-01-14 20:00:00",2020-09-26,1345,7,81932,30,15,755,0,0,0,0,151787,9262,8387567,456,119,130305,0,0,0,0
"2022-01-14 20:00:00",2020-09-27,1762,6,73167,11,-4,770,0,0,0,0,153549,9268,8460734,467,115,131075,0,0,0,0
"2022-01-14 20:00:00",2020-09-28,1739,10,124085,27,2,1409,0,0,0,0,155288,9278,8584819,494,117,132484,0,0,0,0
"2022-01-14 20:00:00",2020-09-29,1660,13,92223,45,0,1240,0,0,0,0,156948,9291,8677042,539,117,133724,0,0,0,0
"2022-01-14 20:00:00",2020-09-30,1797,6,84366,32,8,1233,0,0,0,0,158745,9297,8761408,571,125,134957,0,0,0,0
"2022-01-14 20:00:00",2020-10-01,1777,22,90172,22,1,1379,0,0,0,0,160522,9319,8851580,593,126,136336,0,0,0,0
"2022-01-14 20:00:00",2020-10-02,2122,90,87967,28,6,1263,0,0,0,0,162644,9409,8939547,621,132,137599,0,0,0,0
"2022-01-14 20:00:00",2020-10-03,2037,52,87258,7,15,1254,0,0,0,0,164681,9461,9026805,628,147,138853,0,0,0,0
"2022-01-14 20:00:00",2020-10-04,2060,18,70367,24,3,1372,0,0,0,0,166741,9479,9097172,652,150,140225,0,0,0,0
"2022-01-14 20:00:00",2020-10-05,2205,22,114910,38,-2,1793,0,0,0,0,168946,9501,9212082,690,148,142018,0,0,0,0
"2022-01-14 20:00:00",2020-10-06,2364,28,88534,62,2,1962,0,0,0,0,171310,9529,9300616,752,150,143980,0,0,0,0
"2022-01-14 20:00:00",2020-10-07,1799,11,93015,22,-4,1672,0,0,0,0,173109,9540,9393631,774,146,145652,0,0,0,0
"2022-01-14 20:00:00",2020-10-08,2437,15,99658,46,14,992,0,0,0,0,175546,9555,9493289,820,160,146644,0,0,0,0
"2022-01-14 20:00:00",2020-10-09,2558,29,110424,29,-2,1015,0,0,0,0,178104,9584,9603713,849,158,147659,0,0,0,0
"2022-01-14 20:00:00",2020-10-10,2469,24,77554,-4,6,3684,0,0,0,0,180573,9608,9681267,845,164,151343,0,0,0,0
"2022-01-14 20:00:00",2020-10-11,2101,5,72853,-1,3,1862,0,0,0,0,182674,9613,9754120,844,167,153205,0,0,0,0
"2022-01-14 20:00:00",2020-10-12,2145,16,65320,9,3,1708,0,0,0,0,184819,9629,9819440,853,170,154913,0,0,0,0
"2022-01-14 20:00:00",2020-10-13,2048,24,112696,62,26,2558,0,0,0,0,186867,9653,9932136,915,196,157471,0,0,0,0
"2022-01-14 20:00:00",2020-10-14,2505,10,76302,28,-4,1865,0,0,0,0,189372,9663,10008438,943,192,159336,0,0,0,0
"2022-01-14 20:00:00",2020-10-15,2343,36,86809,17,7,2137,0,0,0,0,191715,9699,10095247,960,199,161473,0,0,0,0
"2022-01-14 20:00:00",2020-10-16,2378,22,89724,35,5,2156,0,0,0,0,194093,9721,10184971,995,204,163629,0,0,0,0
"2022-01-14 20:00:00",2020-10-17,2698,24,75985,31,3,1802,0,0,0,0,196791,9745,10260956,1026,207,165431,0,0,0,0
"2022-01-14 20:00:00",2020-10-18,2211,14,68516,-17,3,1666,0,0,0,0,199002,9759,10329472,1009,210,167097,0,0,0,0
"2022-01-14 20:00:00",2020-10-19,2421,18,97407,9,2,2559,0,0,0,0,201423,9777,10426879,1018,212,169656,0,0,0,0
"2022-01-14 20:00:00",2020-10-20,2256,17,70421,59,8,2074,0,0,0,0,203679,9794,10497300,1077,220,171730,0,0,0,0
"2022-01-14 20:00:00",2020-10-21,2671,35,80393,-15,-4,2005,0,0,0,0,206350,9829,10577693,1062,216,173735,0,0,0,0
"2022-01-14 20:00:00",2020-10-22,2786,33,86051,12,22,2057,0,0,0,0,209136,9862,10663744,1074,238,175792,0,0,0,0
"2022-01-14 20:00:00",2020-10-23,2587,26,88484,5,-1,2072,0,0,0,0,211723,9888,10752228,1079,237,177864,0,0,0,0
"2022-01-14 20:00:00",2020-10-24,2936,34,74529,43,-1,1757,0,0,0,0,214659,9922,10826757,1122,236,179621,0,0,0,0
"2022-01-14 20:00:00",2020-10-25,3010,24,68194,0,4,1795,0,0,0,0,217669,9946,10894951,1122,240,181416,0,0,0,0
"2022-01-14 20:00:00",2020-10-26,2530,27,100527,18,0,2877,0,0,0,0,220199,9973,10995478,1140,240,184293,0,0,0,0
"2022-01-14 20:00:00",2020-10-27,2675,28,60391,17,-3,2158,0,0,0,0,222874,10001,11055869,1157,237,186451,0,0,0,0
"2022-01-14 20:00:00",2020-10-28,2699,31,74292,6,0,2400,0,0,0,0,225573,10032,11130161,1163,237,188851,0,0,0,0
"2022-01-14 20:00:00",2020-10-29,2956,42,393408,5,-8,2345,0,0,0,0,228529,10074,11523569,1168,229,191196,0,0,0,0
"2022-01-14 20:00:00",2020-10-30,3457,36,100484,9,13,2728,0,0,0,0,231986,10110,11624053,1177,242,193924,0,0,0,0
"2022-01-14 20:00:00",2020-10-31,3444,26,73893,5,-1,1939,0,0,0,0,235430,10136,11697946,1182,241,195863,0,0,0,0
"2022-01-14 20:00:00",2020-11-01,3245,42,67293,40,1,1853,0,0,0,0,238675,10178,11765239,1222,242,197716,0,0,0,0
"2022-01-14 20:00:00",2020-11-02,3272,30,51221,-2,-5,2403,0,0,0,0,241947,10208,11816460,1220,237,200119,0,0,0,0
"2022-01-14 20:00:00",2020-11-03,2973,71,96942,85,10,3373,0,0,0,0,244920,10279,11913402,1305,247,203492,0,0,0,0
"2022-01-14 20:00:00",2020-11-04,3283,57,68130,28,-1,2612,0,0,0,0,248203,10336,11981532,1333,246,206104,0,0,0,0
"2022-01-14 20:00:00",2020-11-05,3923,45,73272,37,8,2128,0,0,0,0,252126,10381,12054804,1370,254,208232,0,0,0,0
"2022-01-14 20:00:00",2020-11-06,3668,53,106130,21,5,2969,0,0,0,0,255794,10434,12160934,1391,259,211201,0,0,0,0
"2022-01-14 20:00:00",2020-11-07,4248,54,75290,-14,15,2308,0,0,0,0,260042,10488,12236224,1377,274,213509,0,0,0,0
"2022-01-14 20:00:00",2020-11-08,4604,33,147639,6,-2,2240,0,0,0,0,264646,10521,12383863,1383,272,215749,0,0,0,0
"2022-01-14 20:00:00",2020-11-09,4074,43,66097,80,18,2637,0,0,0,0,268720,10564,12449960,1463,290,218386,0,0,0,0
"2022-01-14 20:00:00",2020-11-10,4302,68,64593,93,15,2880,0,0,0,0,273022,10632,12514553,1556,305,221266,0,0,0,0
"2022-01-14 20:00:00",2020-11-11,4562,53,73736,67,13,1920,0,0,0,0,277584,10685,12588289,1623,318,223186,0,0,0,0
"2022-01-14 20:00:00",2020-11-12,4976,83,99777,48,18,3576,0,0,0,0,282560,10768,12688066,1671,336,226762,0,0,0,0
"2022-01-14 20:00:00",2020-11-13,4742,60,86887,56,17,3871,0,0,0,0,287302,10828,12774953,1727,353,230633,0,0,0,0
"2022-01-14 20:00:00",2020-11-14,5274,63,83169,68,0,2269,0,0,0,0,292576,10891,12858122,1795,353,232902,0,0,0,0
"2022-01-14 20:00:00",2020-11-15,4801,62,76031,-15,29,3444,0,0,0,0,297377,10953,12934153,1780,382,236346,0,0,0,0
"2022-01-14 20:00:00",2020-11-16,4801,74,94669,60,11,3928,0,0,0,0,302178,11027,13028822,1840,393,240274,0,0,0,0
"2022-01-14 20:00:00",2020-11-17,4273,59,58776,105,20,3865,0,0,0,0,306451,11086,13087598,1945,413,244139,0,0,0,0
"2022-01-14 20:00:00",2020-11-18,4646,100,87813,64,-4,4169,0,0,0,0,311097,11186,13175411,2009,409,248308,0,0,0,0
"2022-01-14 20:00:00",2020-11-19,4642,79,97432,18,30,3973,0,0,0,0,315739,11265,13272843,2027,439,252281,0,0,0,0
"2022-01-14 20:00:00",2020-11-20,4961,69,299634,21,-15,4352,0,0,0,0,320700,11334,13572477,2048,424,256633,0,0,0,0
"2022-01-14 20:00:00",2020-11-21,5713,72,106844,29,8,3752,0,0,0,0,326413,11406,13679321,2077,432,260385,0,0,0,0
"2022-01-14 20:00:00",2020-11-22,5413,49,100399,-18,14,3651,0,0,0,0,331826,11455,13779720,2059,446,264036,0,0,0,0
"2022-01-14 20:00:00",2020-11-23,5711,65,123645,89,8,5153,0,0,0,0,337537,11520,13903365,2148,454,269189,0,0,0,0
"2022-01-14 20:00:00",2020-11-24,4894,96,84751,70,3,4189,0,0,0,0,342431,11616,13988116,2218,457,273378,0,0,0,0
"2022-01-14 20:00:00",2020-11-25,5020,94,103064,25,4,3841,0,0,0,0,347451,11710,14091180,2243,461,277219,0,0,0,0
"2022-01-14 20:00:00",2020-11-26,5633,89,118602,81,-2,3691,0,0,0,0,353084,11799,14209782,2324,459,280910,0,0,0,0
"2022-01-14 20:00:00",2020-11-27,5969,95,117978,26,7,5577,0,0,0,0,359053,11894,14327760,2350,466,286487,0,0,0,0
"2022-01-14 20:00:00",2020-11-28,6494,82,118225,72,8,4188,0,0,0,0,365547,11976,14445985,2422,474,290675,0,0,0,0
"2022-01-14 20:00:00",2020-11-29,6197,56,112404,16,16,3701,0,0,0,0,371744,12032,14558389,2438,490,294376,0,0,0,0
"2022-01-14 20:00:00",2020-11-30,6381,98,144076,107,20,5583,0,0,0,0,378125,12130,14702465,2545,510,299959,0,0,0,0
"2022-01-14 20:00:00",2020-12-01,5329,81,95054,93,28,4916,0,0,0,0,383454,12211,14797519,2638,538,304875,0,0,0,0
"2022-01-14 20:00:00",2020-12-02,6309,114,118178,82,6,4998,0,0,0,0,389763,12325,14915697,2720,544,309873,0,0,0,0
"2022-01-14 20:00:00",2020-12-03,6493,82,129035,4,16,4732,0,0,0,0,396256,12407,15044732,2724,560,314605,0,0,0,0
"2022-01-14 20:00:00",2020-12-04,6303,89,178319,69,11,5480,0,0,0,0,402559,12496,15223051,2793,571,320085,0,0,0,0
"2022-01-14 20:00:00",2020-12-05,6990,93,120936,37,-7,4784,0,0,0,0,409549,12589,15343987,2830,564,324869,0,0,0,0
"2022-01-14 20:00:00",2020-12-06,6992,76,123139,73,1,4256,0,0,0,0,416541,12665,15467126,2903,565,329125,0,0,0,0
"2022-01-14 20:00:00",2020-12-07,6503,112,133508,54,19,9603,0,0,0,0,423044,12777,15600634,2957,584,338728,0,0,0,0
"2022-01-14 20:00:00",2020-12-08,5978,90,99643,136,17,5459,0,0,0,0,429022,12867,15700277,3093,601,344187,0,0,0,0
"2022-01-14 20:00:00",2020-12-09,6294,116,120693,28,19,5811,0,0,0,0,435316,12983,15820970,3121,620,349998,0,0,0,0
"2022-01-14 20:00:00",2020-12-10,6738,126,137784,24,11,5724,0,0,0,0,442054,13109,15958754,3145,631,355722,0,0,0,0
"2022-01-14 20:00:00",2020-12-11,6772,142,148587,-6,23,6565,0,0,0,0,448826,13251,16107341,3139,654,362287,0,0,0,0
"2022-01-14 20:00:00",2020-12-12,6711,99,133355,10,11,6174,0,0,0,0,455537,13350,16240696,3149,665,368461,0,0,0,0
"2022-01-14 20:00:00",2020-12-13,6578,81,120936,-9,20,4779,0,0,0,3900,462115,13431,16361632,3140,685,373240,0,0,0,3900
"2022-01-14 20:00:00",2020-12-14,6731,122,152071,195,0,6215,5,0,0,16725,468846,13553,16513703,3335,685,379455,5,0,0,20625
"2022-01-14 20:00:00",2020-12-15,6347,106,104442,164,19,6507,722,0,0,3900,475193,13659,16618145,3499,704,385962,727,0,0,24525
"2022-01-14 20:00:00",2020-12-16,6425,140,128672,50,16,5971,2298,0,0,3900,481618,13799,16746817,3549,720,391933,3025,0,0,28425
"2022-01-14 20:00:00",2020-12-17,7007,117,136943,7,0,6466,4254,0,0,1950,488625,13916,16883760,3556,720,398399,7279,0,0,30375
"2022-01-14 20:00:00",2020-12-18,6701,124,148581,-50,2,7200,4017,0,0,0,495326,14040,17032341,3506,722,405599,11296,0,0,30375
"2022-01-14 20:00:00",2020-12-19,6901,114,129274,36,6,5784,1071,0,0,0,502227,14154,17161615,3542,728,411383,12367,0,0,30375
"2022-01-14 20:00:00",2020-12-20,6692,74,127842,-36,7,5313,861,0,0,0,508919,14228,17289457,3506,735,416696,13228,0,0,30375
"2022-01-14 20:00:00",2020-12-21,6382,104,136976,110,-7,6912,7845,0,0,50000,515301,14332,17426433,3616,728,423608,21073,0,0,80375
"2022-01-14 20:00:00",2020-12-22,6194,93,106447,110,0,7940,5789,1,0,28325,521495,14425,17532880,3726,728,431548,26862,1,0,108700
"2022-01-14 20:00:00",2020-12-23,6845,172,128927,-1,-2,6891,8685,0,0,40950,528340,14597,17661807,3725,726,438439,35547,1,0,149650
"2022-01-14 20:00:00",2020-12-24,6797,153,139173,-31,14,5618,10198,0,0,0,535137,14750,17800980,3694,740,444057,45745,1,0,149650
"2022-01-14 20:00:00",2020-12-25,6339,61,110323,20,0,2240,3047,0,0,0,541476,14811,17911303,3714,740,446297,48792,1,0,149650
"2022-01-14 20:00:00",2020-12-26,5892,55,95044,-223,10,1920,16,0,0,0,547368,14866,18006347,3491,750,448217,48808,1,0,149650
"2022-01-14 20:00:00",2020-12-27,5905,190,70083,105,-11,8970,3611,0,0,0,553273,15056,18076430,3596,739,457187,52419,1,0,149650
"2022-01-14 20:00:00",2020-12-28,5768,103,81828,151,18,10926,6622,0,0,98400,559041,15159,18158258,3747,757,468113,59041,1,0,248050
"2022-01-14 20:00:00",2020-12-29,6431,220,103433,29,19,9731,13016,1,0,17825,565472,15379,18261691,3776,776,477844,72057,2,0,265875
"2022-01-14 20:00:00",2020-12-30,7487,94,102512,404,17,6726,13440,0,0,3900,572959,15473,18364203,4180,793,484570,85497,2,0,269775
"2022-01-14 20:00:00",2020-12-31,8439,133,132511,7,23,5230,12945,0,0,0,581398,15606,18496714,4187,816,489800,98442,2,0,269775
"2022-01-14 20:00:00",2021-01-01,7494,51,116629,25,1,2466,6962,1,0,150675,588892,15657,18613343,4212,817,492266,105404,3,0,420450
"2022-01-14 20:00:00",2021-01-02,7457,58,107087,-242,-3,2800,4644,0,0,0,596349,15715,18720430,3970,814,495066,110048,3,0,420450
"2022-01-14 20:00:00",2021-01-03,7148,151,84463,42,26,2481,5208,0,0,0,603497,15866,18804893,4012,840,497547,115256,3,0,420450
"2022-01-14 20:00:00",2021-01-04,7916,209,107004,251,-7,20323,23602,0,0,0,611413,16075,18911897,4263,833,517870,138858,3,0,420450
"2022-01-14 20:00:00",2021-01-05,7218,159,88900,194,26,5681,17825,3,0,0,618631,16234,19000797,4457,859,523551,156683,6,0,420450
"2022-01-14 20:00:00",2021-01-06,8149,136,119279,194,11,7663,28089,442,0,16380,626780,16370,19120076,4651,870,531214,184772,448,0,436830
"2022-01-14 20:00:00",2021-01-07,8336,211,136779,-59,-7,7039,37140,976,0,47775,635116,16581,19256855,4592,863,538253,221912,1424,0,484605
"2022-01-14 20:00:00",2021-01-08,9215,128,145255,-38,10,7703,41868,1270,0,64350,644331,16709,19402110,4554,873,545956,263780,2694,0,548955
"2022-01-14 20:00:00",2021-01-09,8665,125,130120,-27,17,6418,36209,1242,0,0,652996,16834,19532230,4527,890,552374,299989,3936,0,548955
"2022-01-14 20:00:00",2021-01-10,8324,117,111814,-2,-5,6384,23508,16,0,0,661320,16951,19644044,4525,885,558758,323497,3952,0,548955
"2022-01-14 20:00:00",2021-01-11,6848,136,114191,158,9,9801,38344,11,0,0,668168,17087,19758235,4683,894,568559,361841,3963,0,548955
"2022-01-14 20:00:00",2021-01-12,6289,148,99023,196,7,7872,31211,1553,0,6825,674457,17235,19857258,4879,901,576431,393052,5516,0,555780
"2022-01-14 20:00:00",2021-01-13,6858,149,119978,-11,23,8205,30313,7770,0,155025,681315,17384,19977236,4868,924,584636,423365,13286,0,710805
"2022-01-14 20:00:00",2021-01-14,7566,155,145321,-20,0,8746,42640,3070,0,34125,688881,17539,20122557,4848,924,593382,466005,16356,0,744930
"2022-01-14 20:00:00",2021-01-15,6812,191,146878,-61,-16,8512,49473,3057,0,21835,695693,17730,20269435,4787,908,601894,515478,19413,0,766765
"2022-01-14 20:00:00",2021-01-16,7063,136,131381,-81,2,6174,37882,1184,0,15510,702756,17866,20400816,4706,910,608068,553360,20597,0,782275
"2022-01-14 20:00:00",2021-01-17,6878,149,107998,-92,-16,7241,28595,1258,0,40490,709634,18015,20508814,4614,894,615309,581955,21855,0,822765
"2022-01-14 20:00:00",2021-01-18,5425,103,105925,31,-7,7724,41295,735,0,33000,715059,18118,20614739,4645,887,623033,623250,22590,0,855765
"2022-01-14 20:00:00",2021-01-19,4689,146,82446,38,3,7383,39385,2250,0,39975,719748,18264,20697185,4683,890,630416,662635,24840,0,895740
"2022-01-14 20:00:00",2021-01-20,5732,199,123658,-71,1,8191,43342,13152,0,29625,725480,18463,20820843,4612,891,638607,705977,37992,0,925365
"2022-01-14 20:00:00",2021-01-21,5947,160,139389,-122,-10,7109,43094,5800,0,13685,731427,18623,20960232,4490,881,645716,749071,43792,0,939050
"2022-01-14 20:00:00",2021-01-22,5966,206,142839,-95,-7,7100,38027,6336,0,183400,737393,18829,21103071,4395,874,652816,787098,50128,0,1122450
"2022-01-14 20:00:00",2021-01-23,5651,146,118216,-51,21,6155,27484,4382,0,0,743044,18975,21221287,4344,895,658971,814582,54510,0,1122450
"2022-01-14 20:00:00",2021-01-24,5325,120,96113,-140,-7,5636,14676,2659,0,0,748369,19095,21317400,4204,888,664607,829258,57169,0,1122450
"2022-01-14 20:00:00",2021-01-25,4628,144,100467,-39,-6,6706,23449,8237,0,0,752997,19239,21417867,4165,882,671313,852707,65406,0,1122450
"2022-01-14 20:00:00",2021-01-26,4012,165,79645,50,-12,6740,29657,8219,0,0,757009,19404,21497512,4215,870,678053,882364,73625,0,1122450
"2022-01-14 20:00:00",2021-01-27,4206,130,124587,-128,10,5884,23118,9550,0,0,761215,19534,21622099,4087,880,683937,905482,83175,0,1122450
"2022-01-14 20:00:00",2021-01-28,4871,130,133584,-112,-18,5464,25018,9939,0,0,766086,19664,21755683,3975,862,689401,930500,93114,0,1122450
"2022-01-14 20:00:00",2021-01-29,4696,137,141438,-85,-3,6259,21776,9442,0,0,770782,19801,21897121,3890,859,695660,952276,102556,0,1122450
"2022-01-14 20:00:00",2021-01-30,4660,141,111301,-93,-25,5240,15154,8512,0,0,775442,19942,22008422,3797,834,700900,967430,111068,0,1122450
"2022-01-14 20:00:00",2021-01-31,4398,91,93876,-180,-9,4741,5173,2556,0,0,779840,20033,22102298,3617,825,705641,972603,113624,0,1122450
"2022-01-14 20:00:00",2021-02-01,3734,104,90847,-7,-6,6045,18312,4583,0,0,783574,20137,22193145,3610,819,711686,990915,118207,0,1122450
"2022-01-14 20:00:00",2021-02-02,2835,77,76306,39,-20,4939,11615,4934,0,30225,786409,20214,22269451,3649,799,716625,1002530,123141,0,1152675
"2022-01-14 20:00:00",2021-02-03,3235,142,112177,-163,-11,4436,13667,9353,0,5265,789644,20356,22381628,3486,788,721061,1016197,132494,0,1157940
"2022-01-14 20:00:00",2021-02-04,4078,158,131278,-54,-18,4437,19577,12555,0,2925,793722,20514,22512906,3432,770,725498,1035774,145049,0,1160865
"2022-01-14 20:00:00",2021-02-05,4023,96,123556,-120,-12,5222,23573,13325,0,39975,797745,20610,22636462,3312,758,730720,1059347,158374,0,1200840
"2022-01-14 20:00:00",2021-02-06,3731,102,116195,-124,-11,3914,21614,13763,0,52300,801476,20712,22752657,3188,747,734634,1080961,172137,0,1253140
"2022-01-14 20:00:00",2021-02-07,3668,68,90565,-130,3,4121,13855,7792,0,0,805144,20780,22843222,3058,750,738755,1094816,179929,0,1253140
"2022-01-14 20:00:00",2021-02-08,2967,56,83770,-29,-8,8346,21417,10951,0,20875,808111,20836,22926992,3029,742,747101,1116233,190880,0,1274015
"2022-01-14 20:00:00",2021-02-09,2687,74,75396,-32,-40,3599,26805,17359,0,4000,810798,20910,23002388,2997,702,750700,1143038,208239,0,1278015
"2022-01-14 20:00:00",2021-02-10,3175,95,112307,-22,-5,4026,29924,20237,0,45400,813973,21005,23114695,2975,697,754726,1172962,228476,0,1323415
"2022-01-14 20:00:00",2021-02-11,3175,84,129216,-159,-30,3593,33730,21079,3,122510,817148,21089,23243911,2816,667,758319,1206692,249555,3,1445925
"2022-01-14 20:00:00",2021-02-12,3151,74,122338,-178,-20,3872,37476,23421,2,0,820299,21163,23366249,2638,647,762191,1244168,272976,5,1445925
"2022-01-14 20:00:00",2021-02-13,3498,66,106307,-30,-18,3267,34033,21363,0,0,823797,21229,23472556,2608,629,765458,1278201,294339,5,1445925
"2022-01-14 20:00:00",2021-02-14,2860,65,88989,-105,1,3038,16236,13881,0,1675,826657,21294,23561545,2503,630,768496,1294437,308220,5,1447600
"2022-01-14 20:00:00",2021-02-15,2453,31,61358,39,7,2860,10651,8932,0,0,829110,21325,23622903,2542,637,771356,1305088,317152,5,1447600
"2022-01-14 20:00:00",2021-02-16,2459,73,93412,-11,9,4844,25958,17410,0,0,831569,21398,23716315,2531,646,776200,1331046,334562,5,1447600
"2022-01-14 20:00:00",2021-02-17,2601,38,86243,-27,-5,3552,21455,16519,0,91260,834170,21436,23802558,2504,641,779752,1352501,351081,5,1538860
"2022-01-14 20:00:00",2021-02-18,3317,63,120159,-7,-29,3650,27540,19759,0,227175,837487,21499,23922717,2497,612,783402,1380041,370840,5,1766035
"2022-01-14 20:00:00",2021-02-19,3091,78,127829,-122,-15,3359,50495,24714,2,85675,840578,21577,24050546,2375,597,786761,1430536,395554,7,1851710
"2022-01-14 20:00:00",2021-02-20,3213,54,104248,-40,-23,3067,51829,17782,4,0,843791,21631,24154794,2335,574,789828,1482365,413336,11,1851710
"2022-01-14 20:00:00",2021-02-21,2832,44,85920,-61,11,2766,41307,12527,1,0,846623,21675,24240714,2274,585,792594,1523672,425863,12,1851710
"2022-01-14 20:00:00",2021-02-22,2890,49,84633,-1,10,4028,62224,32216,1,0,849513,21724,24325347,2273,595,796622,1585896,458079,13,1851710
"2022-01-14 20:00:00",2021-02-23,2743,39,71711,87,9,3200,49649,18893,0,152100,852256,21763,24397058,2360,604,799822,1635545,476972,13,2003810
"2022-01-14 20:00:00",2021-02-24,2859,45,116123,-105,13,3095,46577,14764,0,49140,855115,21808,24513181,2255,617,802917,1682122,491736,13,2052950
"2022-01-14 20:00:00",2021-02-25,3097,58,128420,-62,-13,3091,58865,17118,0,13450,858212,21866,24641601,2193,604,806008,1740987,508854,13,2066400
"2022-01-14 20:00:00",2021-02-26,3183,50,125556,-30,1,3023,68414,12876,0,375470,861395,21916,24767157,2163,605,809031,1809401,521730,13,2441870
"2022-01-14 20:00:00",2021-02-27,3250,45,106975,-37,-20,2325,62335,8099,0,0,864645,21961,24874132,2126,585,811356,1871736,529829,13,2441870
"2022-01-14 20:00:00",2021-02-28,2820,34,93594,-57,16,2403,45962,5719,0,0,867465,21995,24967726,2069,601,813759,1917698,535548,13,2441870
"2022-01-14 20:00:00",2021-03-01,2820,23,92194,45,1,3818,59785,13436,0,16400,870285,22018,25059920,2114,602,817577,1977483,548984,13,2458270
"2022-01-14 20:00:00",2021-03-02,2454,28,74011,52,2,2864,75559,10688,0,56380,872739,22046,25133931,2166,604,820441,2053042,559672,13,2514650
"2022-01-14 20:00:00",2021-03-03,2812,60,113664,-28,-18,3074,75215,7091,0,328000,875551,22106,25247595,2138,586,823515,2128257,566763,13,2842650
"2022-01-14 20:00:00",2021-03-04,2837,46,124420,-27,-2,2812,79717,5257,0,9360,878388,22152,25372015,2111,584,826327,2207974,572020,13,2852010
"2022-01-14 20:00:00",2021-03-05,3365,41,126525,-31,-2,3087,86600,3565,0,79560,881753,22193,25498540,2080,582,829414,2294574,575585,13,2931570
"2022-01-14 20:00:00",2021-03-06,2870,21,102697,-49,-3,2473,73841,2460,0,0,884623,22214,25601237,2031,579,831887,2368415,578045,13,2931570
"2022-01-14 20:00:00",2021-03-07,3020,26,86886,-28,-7,2170,57217,1646,0,7000,887643,22240,25688123,2003,572,834057,2425632,579691,13,2938570
"2022-01-14 20:00:00",2021-03-08,3045,37,105122,19,5,4024,86669,10045,0,0,890688,22277,25793245,2022,577,838081,2512301,589736,13,2938570
"2022-01-14 20:00:00",2021-03-09,2822,28,76025,64,17,2945,70877,4109,2,159410,893510,22305,25869270,2086,594,841026,2583178,593845,15,3097980
"2022-01-14 20:00:00",2021-03-10,3221,31,112143,-20,-16,2927,79495,5416,0,586410,896731,22336,25981413,2066,578,843953,2662673,599261,15,3684390
"2022-01-14 20:00:00",2021-03-11,3018,36,118385,-20,2,2752,98872,5078,0,200880,899749,22372,26099798,2046,580,846705,2761545,604339,15,3885270
"2022-01-14 20:00:00",2021-03-12,3476,33,122382,-20,-3,3334,112407,3493,0,450,903225,22405,26222180,2026,577,850039,2873952,607832,15,3885720
"2022-01-14 20:00:00",2021-03-13,3521,30,103624,13,-6,2489,106355,2996,2,96500,906746,22435,26325804,2039,571,852528,2980307,610828,17,3982220
"2022-01-14 20:00:00",2021-03-14,3447,29,85803,-104,5,2477,93030,1954,0,0,910193,22464,26411607,1935,576,855005,3073337,612782,17,3982220
"2022-01-14 20:00:00",2021-03-15,2846,32,91894,134,24,3875,124819,5387,0,0,913039,22496,26503501,2069,600,858880,3198156,618169,17,3982220
"2022-01-14 20:00:00",2021-03-16,2821,24,71749,59,1,2930,121927,4514,2,302870,915860,22520,26575250,2128,601,861810,3320083,622683,19,4285090
"2022-01-14 20:00:00",2021-03-17,3371,35,108387,-20,21,3253,141413,5482,1,96020,919231,22555,26683637,2108,622,865063,3461496,628165,20,4381110
"2022-01-14 20:00:00",2021-03-18,3609,35,124472,-23,0,2907,157618,5680,0,392060,922840,22590,26808109,2085,622,867970,3619114,633845,20,4773170
"2022-01-14 20:00:00",2021-03-19,4216,27,120169,17,5,3070,165472,6545,0,300,927056,22617,26928278,2102,627,871040,3784586,640390,20,4773470
"2022-01-14 20:00:00",2021-03-20,4008,26,102856,10,-12,2540,133945,5150,1,0,931064,22643,27031134,2112,615,873580,3918531,645540,21,4773470
"2022-01-14 20:00:00",2021-03-21,3867,33,92164,0,11,2510,90592,3201,0,0,934931,22676,27123298,2112,626,876090,4009123,648741,21,4773470
"2022-01-14 20:00:00",2021-03-22,3778,40,89694,81,1,4057,146365,3441,0,0,938709,22716,27212992,2193,627,880147,4155488,652182,21,4773470
"2022-01-14 20:00:00",2021-03-23,3603,19,76526,94,31,3120,126867,4640,2,817830,942312,22735,27289518,2287,658,883267,4282355,656822,23,5591300
"2022-01-14 20:00:00",2021-03-24,4050,24,124203,-9,11,3237,172913,5104,1,274950,946362,22759,27413721,2278,669,886504,4455268,661926,24,5866250
"2022-01-14 20:00:00",2021-03-25,5192,31,133286,15,-6,3338,191588,6951,0,308158,951554,22790,27547007,2293,663,889842,4646856,668877,24,6174408
"2022-01-14 20:00:00",2021-03-26,5093,36,122521,-20,31,3619,219073,8626,0,33122,956647,22826,27669528,2273,694,893461,4865929,677503,24,6207530
"2022-01-14 20:00:00",2021-03-27,5337,26,115849,70,6,2737,170353,6500,1,0,961984,22852,27785377,2343,700,896198,5036282,684003,25,6207530
"2022-01-14 20:00:00",2021-03-28,5126,28,98898,-74,6,2728,148501,4171,0,0,967110,22880,27884275,2269,706,898926,5184783,688174,25,6207530
"2022-01-14 20:00:00",2021-03-29,4570,20,106828,-48,20,4673,188787,5961,0,16400,971680,22900,27991103,2221,726,903599,5373570,694135,25,6223930
"2022-01-14 20:00:00",2021-03-30,4910,26,91745,285,2,3670,175089,8390,0,748319,976590,22926,28082848,2506,728,907269,5548659,702525,25,6972249
"2022-01-14 20:00:00",2021-03-31,5519,33,128086,10,12,4016,224858,8546,0,183520,982109,22959,28210934,2516,740,911285,5773517,711071,25,7155769
"2022-01-14 20:00:00",2021-04-01,5800,43,144515,21,17,4053,209757,10796,1,289901,987909,23002,28355449,2537,757,915338,5983274,721867,26,7445670
"2022-01-14 20:00:00",2021-04-02,6830,28,124425,68,9,2999,171543,6364,1,384900,994739,23030,28479874,2605,766,918337,6154817,728231,27,7830570
"2022-01-14 20:00:00",2021-04-03,6910,20,119061,-374,35,3112,194941,3586,2,638000,1001649,23050,28598935,2231,801,921449,6349758,731817,29,8468570
"2022-01-14 20:00:00",2021-04-04,6381,24,92629,22,32,2964,121439,877,1,142300,1008030,23074,28691564,2253,833,924413,6471197,732694,30,8610870
"2022-01-14 20:00:00",2021-04-05,6335,44,80697,173,40,8159,182155,13332,0,1453292,1014365,23118,28772261,2426,873,932572,6653352,746026,30,10064162
"2022-01-14 20:00:00",2021-04-06,6521,23,130235,266,6,4874,202936,12019,1,17588,1020886,23141,28902496,2692,879,937446,6856288,758045,31,10081750
"2022-01-14 20:00:00",2021-04-07,7148,32,124210,271,18,5277,235654,17807,0,161720,1028034,23173,29026706,2963,897,942723,7091942,775852,31,10243470
"2022-01-14 20:00:00",2021-04-08,7995,38,153107,61,31,5648,259885,18296,0,305670,1036029,23211,29179813,3024,928,948371,7351827,794148,31,10549140
"2022-01-14 20:00:00",2021-04-09,9240,40,151147,64,34,5635,304474,19361,3,0,1045269,23251,29330960,3088,962,954006,7656301,813509,34,10549140
"2022-01-14 20:00:00",2021-04-10,8544,36,125424,53,38,4616,243676,16678,0,71600,1053813,23287,29456384,3141,1000,958622,7899977,830187,34,10620740
"2022-01-14 20:00:00",2021-04-11,8653,28,116611,46,26,4762,183398,4996,1,0,1062466,23315,29572995,3187,1026,963384,8083375,835183,35,10620740
"2022-01-14 20:00:00",2021-04-12,8538,41,133039,201,33,7452,337305,19185,1,0,1071004,23356,29706034,3388,1059,970836,8420680,854368,36,10620740
"2022-01-14 20:00:00",2021-04-13,7546,36,106102,217,8,6027,272962,14959,1,783002,1078550,23392,29812136,3605,1067,976863,8693642,869327,37,11403742
"2022-01-14 20:00:00",2021-04-14,8595,53,138648,116,30,6636,299332,13939,1,66518,1087145,23445,29950784,3721,1097,983499,8992974,883266,38,11470260
"2022-01-14 20:00:00",2021-04-15,9564,55,153921,45,20,6567,309601,16783,0,1173622,1096709,23500,30104705,3766,1117,990066,9302575,900049,38,12643882
"2022-01-14 20:00:00",2021-04-16,9346,41,149458,45,61,7128,322764,7655,2,10128,1106055,23541,30254163,3811,1178,997194,9625339,907704,40,12654010
"2022-01-14 20:00:00",2021-04-17,8866,50,125546,159,35,6351,255211,24030,0,0,1114921,23591,30379709,3970,1213,1003545,9880550,931734,40,12654010
"2022-01-14 20:00:00",2021-04-18,8521,32,113087,40,24,6398,201020,5597,3,0,1123442,23623,30492796,4010,1237,1009943,10081570,937331,43,12654010
"2022-01-14 20:00:00",2021-04-19,8325,44,127175,135,25,9829,262982,20367,2,16200,1131767,23667,30619971,4145,1262,1019772,10344552,957698,45,12670210
"2022-01-14 20:00:00",2021-04-20,7269,46,106085,192,33,7679,239405,11900,1,642050,1139036,23713,30726056,4337,1295,1027451,10583957,969598,46,13312260
"2022-01-14 20:00:00",2021-04-21,8421,50,117363,14,30,7076,319067,13605,4,155604,1147457,23763,30843419,4351,1325,1034527,10903024,983203,50,13467864
"2022-01-14 20:00:00",2021-04-22,8371,59,158646,71,20,10708,366148,17956,2,232830,1155828,23822,31002065,4422,1345,1045235,11269172,1001159,52,13700694
"2022-01-14 20:00:00",2021-04-23,8746,61,146018,-68,22,9101,364708,19069,7,0,1164574,23883,31148083,4354,1367,1054336,11633880,1020228,59,13700694
"2022-01-14 20:00:00",2021-04-24,8297,44,126511,-4,24,7360,289335,15845,2,0,1172871,23927,31274594,4350,1391,1061696,11923215,1036073,61,13700694
"2022-01-14 20:00:00",2021-04-25,7822,38,110633,-150,14,7085,232735,9762,2,0,1180693,23965,31385227,4200,1405,1068781,12155950,1045835,63,13700694
"2022-01-14 20:00:00",2021-04-26,7216,59,124927,184,29,9926,263614,9070,3,0,1187909,24024,31510154,4384,1434,1078707,12419564,1054905,66,13700694
"2022-01-14 20:00:00",2021-04-27,7073,41,107584,107,2,7897,262353,20754,4,691470,1194982,24065,31617738,4491,1436,1086604,12681917,1075659,70,14392164
"2022-01-14 20:00:00",2021-04-28,7748,52,131235,-75,-5,8655,265837,16462,4,201240,1202730,24117,31748973,4416,1431,1095259,12947754,1092121,74,14593404
"2022-01-14 20:00:00",2021-04-29,8367,52,139746,-62,32,8196,306648,20999,2,197260,1211097,24169,31888719,4354,1463,1103455,13254402,1113120,76,14790664
"2022-01-14 20:00:00",2021-04-30,8321,50,134939,-51,-7,8425,282571,18002,4,215840,1219418,24219,32023658,4303,1456,1111880,13536973,1131122,80,15006504
"2022-01-14 20:00:00",2021-05-01,8437,42,129947,-67,13,7345,234583,19090,8,26830,1227855,24261,32153605,4236,1469,1119225,13771556,1150212,88,15033334
"2022-01-14 20:00:00",2021-05-02,7815,39,159634,-168,-1,6902,173492,11497,4,8190,1235670,24300,32313239,4068,1468,1126127,13945048,1161709,92,15041524
"2022-01-14 20:00:00",2021-05-03,7566,42,116576,-23,-6,9222,227251,8740,2,35200,1243236,24342,32429815,4045,1462,1135349,14172299,1170449,94,15076724
"2022-01-14 20:00:00",2021-05-04,6707,54,129940,266,0,7498,234960,19872,8,1644708,1249943,24396,32559755,4311,1462,1142847,14407259,1190321,102,16721432
"2022-01-14 20:00:00",2021-05-05,7364,54,136652,-98,-24,8353,286883,18458,7,394512,1257307,24450,32696407,4213,1438,1151200,14694142,1208779,109,17115944
"2022-01-14 20:00:00",2021-05-06,8002,39,142118,-147,-13,8299,359922,22980,7,865928,1265309,24489,32838525,4066,1425,1159499,15054064,1231759,116,17981872
"2022-01-14 20:00:00",2021-05-07,7853,40,129559,-31,-16,7916,400114,25820,9,174742,1273162,24529,32968084,4035,1409,1167415,15454178,1257579,125,18156614
"2022-01-14 20:00:00",2021-05-08,7391,39,116793,-122,-18,6919,329902,20615,2,9880,1280553,24568,33084877,3913,1391,1174334,15784080,1278194,127,18166494
"2022-01-14 20:00:00",2021-05-09,7295,58,97674,-193,-5,6893,272976,8405,5,0,1287848,24626,33182551,3720,1386,1181227,16057056,1286599,132,18166494
"2022-01-14 20:00:00",2021-05-10,6331,56,94189,1,-18,8442,336792,18208,1,112600,1294179,24682,33276740,3721,1368,1189669,16393848,1304807,133,18279094
"2022-01-14 20:00:00",2021-05-11,5386,32,121696,184,-23,6510,303952,19812,6,1581958,1299565,24714,33398436,3905,1345,1196179,16697800,1324619,139,19861052
"2022-01-14 20:00:00",2021-05-12,6198,52,127183,-73,-16,8142,350734,24189,2,348582,1305763,24766,33525619,3832,1329,1204321,17048534,1348808,141,20209634
"2022-01-14 20:00:00",2021-05-13,6637,59,127797,-49,1,7778,397336,28998,4,166630,1312400,24825,33653416,3783,1330,1212099,17445870,1377806,145,20376264
"2022-01-14 20:00:00",2021-05-14,5992,44,120465,-83,13,8002,435107,35365,3,7700,1318392,24869,33773881,3700,1343,1220101,17880977,1413171,148,20383964
"2022-01-14 20:00:00",2021-05-15,5713,39,108291,-79,3,6745,367054,25270,9,0,1324105,24908,33882172,3621,1346,1226846,18248031,1438441,157,20383964
"2022-01-14 20:00:00",2021-05-16,5393,40,85955,-288,4,6416,319194,15663,1,0,1329498,24948,33968127,3333,1350,1233262,18567225,1454104,158,20383964
"2022-01-14 20:00:00",2021-05-17,4589,35,92099,29,-18,8205,392409,14680,2,0,1334087,24983,34060226,3362,1332,1241467,18959634,1468784,160,20383964
"2022-01-14 20:00:00",2021-05-18,4041,35,85020,190,-11,6901,287026,28146,5,1378338,1338128,25018,34145246,3552,1321,1248368,19246660,1496930,165,21762302
"2022-01-14 20:00:00",2021-05-19,4242,48,107434,-120,-38,7331,359938,36585,5,415242,1342370,25066,34252680,3432,1283,1255699,19606598,1533515,170,22177544
"2022-01-14 20:00:00",2021-05-20,5062,45,114904,-131,-40,6653,401195,44435,8,758380,1347432,25111,34367584,3301,1243,1262352,20007793,1577950,178,22935924
"2022-01-14 20:00:00",2021-05-21,4675,51,101626,-119,-10,6624,485481,54198,12,611420,1352107,25162,34469210,3182,1233,1268976,20493274,1632148,190,23547344
"2022-01-14 20:00:00",2021-05-22,3999,41,87316,-112,-29,5668,392128,50324,6,383460,1356106,25203,34556526,3070,1204,1274644,20885402,1682472,196,23930804
"2022-01-14 20:00:00",2021-05-23,3740,28,71739,-182,-14,5460,310685,23983,1,8700,1359846,25231,34628265,2888,1190,1280104,21196087,1706455,197,23939504
"2022-01-14 20:00:00",2021-05-24,3148,42,52368,-86,-19,6406,357695,19932,6,0,1362994,25273,34680633,2802,1171,1286510,21553782,1726387,203,23939504
"2022-01-14 20:00:00",2021-05-25,2509,51,77977,35,3,5768,255621,23013,3,1456598,1365503,25324,34758610,2837,1174,1292278,21809403,1749400,206,25396102
"2022-01-14 20:00:00",2021-05-26,2590,37,69349,14,-25,5669,323703,53478,10,221030,1368093,25361,34827959,2851,1149,1297947,22133106,1802878,216,25617132
"2022-01-14 20:00:00",2021-05-27,2967,50,105518,-55,-41,5594,393978,63192,8,371402,1371060,25411,34933477,2796,1108,1303541,22527084,1866070,224,25988534
"2022-01-14 20:00:00",2021-05-28,3200,29,96911,-89,-30,5375,459496,71852,13,18000,1374260,25440,35030388,2707,1078,1308916,22986580,1937922,237,26006534
"2022-01-14 20:00:00",2021-05-29,2717,38,77240,-151,-28,4513,348154,69849,13,0,1376977,25478,35107628,2556,1050,1313429,23334734,2007771,250,26006534
"2022-01-14 20:00:00",2021-05-30,2475,34,64856,-236,-10,4074,319151,66104,10,0,1379452,25512,35172484,2320,1040,1317503,23653885,2073875,260,26006534
"2022-01-14 20:00:00",2021-05-31,2113,35,66447,-74,-8,4759,390491,65541,6,30770,1381565,25547,35238931,2246,1032,1322262,24044376,2139416,266,26037304
"2022-01-14 20:00:00",2021-06-01,1636,19,66562,62,-44,4209,315323,83563,14,1724808,1383201,25566,35305493,2308,988,1326471,24359699,2222979,280,27762112
"2022-01-14 20:00:00",2021-06-02,2064,46,90841,-136,-35,3905,347101,101385,35,387482,1385265,25612,35396334,2172,953,1330376,24706800,2324364,315,28149594
"2022-01-14 20:00:00",2021-06-03,2165,32,85358,-65,-55,3622,414951,140119,17,584080,1387430,25644,35481692,2107,898,1333998,25121751,2464483,332,28733674
"2022-01-14 20:00:00",2021-06-04,2063,35,74495,-97,-46,3243,461097,170195,29,145030,1389493,25679,35556187,2010,852,1337241,25582848,2634678,361,28878704
"2022-01-14 20:00:00",2021-06-05,1883,33,66389,-86,-18,2862,379717,145211,6,9100,1391376,25712,35622576,1924,834,1340103,25962565,2779889,367,28887804
"2022-01-14 20:00:00",2021-06-06,1517,12,54622,-84,-19,2522,324067,126577,14,5100,1392893,25724,35677198,1840,815,1342625,26286632,2906466,381,28892904
"2022-01-14 20:00:00",2021-06-07,1237,37,63736,-40,-9,2885,408742,154281,4,945818,1394130,25761,35740934,1800,806,1345510,26695374,3060747,385,29838722
"2022-01-14 20:00:00",2021-06-08,1267,30,53723,49,-28,2557,353098,190140,14,554622,1395397,25791,35794657,1849,778,1348067,27048472,3250887,399,30393344
"2022-01-14 20:00:00",2021-06-09,1390,52,86691,-75,-26,2498,404764,239446,13,157000,1396787,25843,35881348,1774,752,1350565,27453236,3490333,412,30550344
"2022-01-14 20:00:00",2021-06-10,1478,30,72122,-126,-19,2569,477958,300377,24,154280,1398265,25873,35953470,1648,733,1353134,27931194,3790710,436,30704624
"2022-01-14 20:00:00",2021-06-11,1440,13,73582,-63,-22,2271,502929,329073,17,728820,1399705,25886,36027052,1585,711,1355405,28434123,4119783,453,31433444
"2022-01-14 20:00:00",2021-06-12,1381,28,60847,-64,-30,2074,419845,292051,29,0,1401086,25914,36087899,1521,681,1357479,28853968,4411834,482,31433444
"2022-01-14 20:00:00",2021-06-13,1233,17,-100237,-119,9,1747,378701,261718,26,0,1402319,25931,35987662,1402,690,1359226,29232669,4673552,508,31433444
"2022-01-14 20:00:00",2021-06-14,956,14,217419,-19,-26,1935,447675,316965,32,3500,1403275,25945,36205081,1383,664,1361161,29680344,4990517,540,31436944
"2022-01-14 20:00:00",2021-06-15,818,27,58871,46,-40,2020,448800,331038,34,1489120,1404093,25972,36263952,1429,624,1363181,30129144,5321555,574,32926064
"2022-01-14 20:00:00",2021-06-16,1056,29,80122,-56,-15,1799,465046,367119,32,527060,1405149,26001,36344074,1373,609,1364980,30594190,5688674,606,33453124
"2022-01-14 20:00:00",2021-06-17,1100,11,78530,-78,-30,1803,507551,403373,32,414950,1406249,26012,36422604,1295,579,1366783,31101741,6092047,638,33868074
"2022-01-14 20:00:00",2021-06-18,1007,11,70594,-44,-7,1648,535844,437865,34,207840,1407256,26023,36493198,1251,572,1368431,31637585,6529912,672,34075914
"2022-01-14 20:00:00",2021-06-19,940,31,56446,-66,-27,1392,422135,354459,62,469140,1408196,26054,36549644,1185,545,1369823,32059720,6884371,734,34545054
"2022-01-14 20:00:00",2021-06-20,810,22,50232,-81,2,1159,350602,290355,18,334006,1409006,26076,36599876,1104,547,1370982,32410322,7174726,752,34879060
"2022-01-14 20:00:00",2021-06-21,588,11,55842,-36,-9,1491,406399,326133,16,497700,1409594,26087,36655718,1068,538,1372473,32816721,7500859,768,35376760
"2022-01-14 20:00:00",2021-06-22,607,68,48199,34,-18,722,472470,409278,36,1660880,1410201,26155,36703917,1102,520,1373195,33289191,7910137,804,37037640
"2022-01-14 20:00:00",2021-06-23,717,20,70757,-46,-6,1896,516736,457525,46,632380,1410918,26175,36774674,1056,514,1375091,33805927,8367662,850,37670020
"2022-01-14 20:00:00",2021-06-24,721,17,71389,-40,-23,1007,592596,523865,73,1473774,1411639,26192,36846063,1016,491,1376098,34398523,8891527,923,39143794
"2022-01-14 20:00:00",2021-06-25,655,5,65455,-38,-13,793,521963,465295,26,3538508,1412294,26197,36911518,978,478,1376891,34920486,9356822,949,42682302
"2022-01-14 20:00:00",2021-06-26,708,17,49128,-11,-1,809,444435,399971,44,0,1413002,26214,36960646,967,477,1377700,35364921,9756793,993,42682302
"2022-01-14 20:00:00",2021-06-27,679,13,42108,-66,2,620,359500,317907,41,0,1413681,26227,37002754,901,479,1378320,35724421,10074700,1034,42682302
"2022-01-14 20:00:00",2021-06-28,440,11,65560,-7,-21,1730,704875,621623,18,159200,1414121,26238,37068314,894,458,1380050,36429296,10696323,1052,42841502
"2022-01-14 20:00:00",2021-06-29,578,35,61749,14,-20,936,587771,530376,49,1873740,1414699,26273,37130063,908,438,1380986,37017067,11226699,1101,44715242
"2022-01-14 20:00:00",2021-06-30,587,22,67194,-28,-4,914,606736,550418,57,1119408,1415286,26295,37197257,880,434,1381900,37623803,11777117,1158,45834650
"2022-01-14 20:00:00",2021-07-01,415,19,57563,-7,1,290,462511,421437,112,0,1415701,26314,37254820,873,435,1382190,38086314,12198554,1270,45834650
"2022-01-14 20:00:00",2021-07-02,603,24,66213,-119,-31,1443,567432,511050,66,2954588,1416304,26338,37321033,754,404,1383633,38653746,12709604,1336,48789238
"2022-01-14 20:00:00",2021-07-03,455,10,41235,19,-17,392,361327,330727,64,0,1416759,26348,37362268,773,387,1384025,39015073,13040331,1400,48789238
"2022-01-14 20:00:00",2021-07-04,453,12,41988,-59,-7,393,321050,290754,45,0,1417212,26360,37404256,714,380,1384418,39336123,13331085,1445,48789238
"2022-01-14 20:00:00",2021-07-05,383,8,49259,-15,-20,1009,601628,544963,551,45510,1417595,26368,37453515,699,360,1385427,39937751,13876048,1996,48834748
"2022-01-14 20:00:00",2021-07-06,482,13,64111,47,-7,781,482429,439840,531,555492,1418077,26381,37517626,746,353,1386208,40420180,14315888,2527,49390240
"2022-01-14 20:00:00",2021-07-07,553,6,54480,-2,-14,565,503432,460292,93,277720,1418630,26387,37572106,744,339,1386773,40923612,14776180,2620,49667960
"2022-01-14 20:00:00",2021-07-08,561,18,64948,-39,-4,505,621619,561703,91,864058,1419191,26405,37637054,705,335,1387278,41545231,15337883,2711,50532018
"2022-01-14 20:00:00",2021-07-09,764,14,65004,-19,-13,829,546223,495295,67,-40968,1419955,26419,37702058,686,322,1388107,42091454,15833178,2778,50491050
"2022-01-14 20:00:00",2021-07-10,460,9,39983,-22,-5,97,365869,331757,70,0,1420415,26428,37742041,664,317,1388204,42457323,16164935,2848,50491050
"2022-01-14 20:00:00",2021-07-11,397,8,35229,-47,2,570,285796,258316,39,0,1420812,26436,37777270,617,319,1388774,42743119,16423251,2887,50491050
"2022-01-14 20:00:00",2021-07-12,301,3,75797,-13,-1,759,504808,451037,32,0,1421113,26439,37853067,604,318,1389533,43247927,16874288,2919,50491050
"2022-01-14 20:00:00",2021-07-13,321,11,51269,23,-11,502,415435,377021,45,1240392,1421434,26450,37904336,627,307,1390035,43663362,17251309,2964,51731442
"2022-01-14 20:00:00",2021-07-14,390,8,73969,-10,-17,494,426410,382525,64,232488,1421824,26458,37978305,617,290,1390529,44089772,17633834,3028,51963930
"2022-01-14 20:00:00",2021-07-15,412,14,57196,-20,-17,393,438528,392961,71,1008788,1422236,26472,38035501,597,273,1390922,44528300,18026795,3099,52972718
"2022-01-14 20:00:00",2021-07-16,392,17,73771,-9,-14,462,431992,385998,62,-38498,1422628,26489,38109272,588,259,1391384,44960292,18412793,3161,52934220
"2022-01-14 20:00:00",2021-07-17,472,3,39275,-17,-7,316,301855,269061,51,0,1423100,26492,38148547,571,252,1391700,45262147,18681854,3212,52934220
"2022-01-14 20:00:00",2021-07-18,442,7,29606,-37,0,340,225344,201495,57,0,1423542,26499,38178153,534,252,1392040,45487491,18883349,3269,52934220
"2022-01-14 20:00:00",2021-07-19,334,5,69052,-15,-2,724,426273,383262,15,0,1423876,26504,38247205,519,250,1392764,45913764,19266611,3284,52934220
"2022-01-14 20:00:00",2021-07-20,336,4,44139,18,-1,356,335143,298858,49,2243548,1424212,26508,38291344,537,249,1393120,46248907,19565469,3333,55177768
"2022-01-14 20:00:00",2021-07-21,490,4,63935,-17,-1,333,385483,345681,61,45460,1424702,26512,38355279,520,248,1393453,46634390,19911150,3394,55223228
"2022-01-14 20:00:00",2021-07-22,390,14,151377,3,-6,712,381367,339087,72,3510,1425092,26526,38506656,523,242,1394165,47015757,20250237,3466,55226738
"2022-01-14 20:00:00",2021-07-23,597,13,59374,-17,-8,425,355108,314163,75,0,1425689,26539,38566030,506,234,1394590,47370865,20564400,3541,55226738
"2022-01-14 20:00:00",2021-07-24,806,5,37198,-15,-3,225,249055,218270,81,0,1426495,26544,38603228,491,231,1394815,47619920,20782670,3622,55226738
"2022-01-14 20:00:00",2021-07-25,396,3,29040,-39,-3,203,196907,173589,134,0,1426891,26547,38632268,452,228,1395018,47816827,20956259,3756,55226738
"2022-01-14 20:00:00",2021-07-26,466,6,71994,4,-3,725,391138,349189,297,903842,1427357,26553,38704262,456,225,1395743,48207965,21305448,4053,56130580
"2022-01-14 20:00:00",2021-07-27,550,7,48251,20,3,442,278996,242057,422,2183008,1427907,26560,38752513,476,228,1396185,48486961,21547505,4475,58313588
"2022-01-14 20:00:00",2021-07-28,763,10,59758,-18,-10,450,275315,235868,401,193830,1428670,26570,38812271,458,218,1396635,48762276,21783373,4876,58507418
"2022-01-14 20:00:00",2021-07-29,903,6,58178,-4,1,391,270093,230349,339,1219094,1429573,26576,38870449,454,219,1397026,49032369,22013722,5215,59726512
"2022-01-14 20:00:00",2021-07-30,897,16,61576,-7,-12,412,257581,218706,311,-19070,1430470,26592,38932025,447,207,1397438,49289950,22232428,5526,59707442
"2022-01-14 20:00:00",2021-07-31,987,7,42522,-3,-6,219,181429,155083,386,0,1431457,26599,38974547,444,201,1397657,49471379,22387511,5912,59707442
"2022-01-14 20:00:00",2021-08-01,852,2,33988,-25,-2,181,145153,124339,247,0,1432309,26601,39008535,419,199,1397838,49616532,22511850,6159,59707442
"2022-01-14 20:00:00",2021-08-02,690,1,28775,11,0,469,94115,81447,236,14082,1432999,26602,39037310,430,199,1398307,49710647,22593297,6395,59721524
"2022-01-14 20:00:00",2021-08-03,764,5,83207,-2,-3,1105,278444,239213,329,50356,1433763,26607,39120517,428,196,1399412,49989091,22832510,6724,59771880
"2022-01-14 20:00:00",2021-08-04,952,11,52454,47,6,534,166943,137917,340,208210,1434715,26618,39172971,475,202,1399946,50156034,22970427,7064,59980090
"2022-01-14 20:00:00",2021-08-05,1385,19,47909,5,-2,629,189330,154652,384,71280,1436100,26637,39220880,480,200,1400575,50345364,23125079,7448,60051370
"2022-01-14 20:00:00",2021-08-06,1584,17,93123,8,2,643,175277,142623,483,9000,1437684,26654,39314003,488,202,1401218,50520641,23267702,7931,60060370
"2022-01-14 20:00:00",2021-08-07,1865,9,18968,27,1,367,127573,104035,589,0,1439549,26663,39332971,515,203,1401585,50648214,23371737,8520,60060370
"2022-01-14 20:00:00",2021-08-08,1244,6,52798,-53,3,451,100028,82989,329,0,1440793,26669,39385769,462,206,1402036,50748242,23454726,8849,60060370
"2022-01-14 20:00:00",2021-08-09,1285,9,85207,31,-4,1319,185441,152319,244,0,1442078,26678,39470976,493,202,1403355,50933683,23607045,9093,60060370
"2022-01-14 20:00:00",2021-08-10,1343,5,56492,19,5,838,136434,109672,468,2628138,1443421,26683,39527468,512,207,1404193,51070117,23716717,9561,62688508
"2022-01-14 20:00:00",2021-08-11,1868,5,83997,18,12,863,136950,108877,446,-2510,1445289,26688,39611465,530,219,1405056,51207067,23825594,10007,62685998
"2022-01-14 20:00:00",2021-08-12,2139,4,77746,41,14,944,152267,119607,427,758160,1447428,26692,39689211,571,233,1406000,51359334,23945201,10434,63444158
"2022-01-14 20:00:00",2021-08-13,2405,6,68949,12,2,1038,147254,113210,544,0,1449833,26698,39758160,583,235,1407038,51506588,24058411,10978,63444158
"2022-01-14 20:00:00",2021-08-14,2235,3,43306,17,1,323,116085,92111,548,0,1452068,26701,39801466,600,236,1407361,51622673,24150522,11526,63444158
"2022-01-14 20:00:00",2021-08-15,1867,-1,37420,-41,5,868,97840,78759,366,0,1453935,26700,39838886,559,241,1408229,51720513,24229281,11892,63444158
"2022-01-14 20:00:00",2021-08-16,2001,4,110457,38,20,1851,164311,131283,238,0,1455936,26704,39949343,597,261,1410080,51884824,24360564,12130,63444158
"2022-01-14 20:00:00",2021-08-17,1816,15,58997,90,13,1194,137054,107911,411,0,1457752,26719,40008340,687,274,1411274,52021878,24468475,12541,63444158
"2022-01-14 20:00:00",2021-08-18,2351,42,76181,19,14,1348,124729,94253,467,34500,1460103,26761,40084521,706,288,1412622,52146607,24562728,13008,63478658
"2022-01-14 20:00:00",2021-08-19,2829,22,77942,37,-4,1630,136996,99439,543,600,1462932,26783,40162463,743,284,1414252,52283603,24662167,13551,63479258
"2022-01-14 20:00:00",2021-08-20,2952,6,91116,39,19,1559,127847,90753,425,0,1465884,26789,40253579,782,303,1415811,52411450,24752920,13976,63479258
"2022-01-14 20:00:00",2021-08-21,2984,1,45630,20,-5,907,101099,74878,545,0,1468868,26790,40299209,802,298,1416718,52512549,24827798,14521,63479258
"2022-01-14 20:00:00",2021-08-22,2628,2,40261,-29,8,938,77733,58962,296,7916,1471496,26792,40339470,773,306,1417656,52590282,24886760,14817,63487174
"2022-01-14 20:00:00",2021-08-23,2309,24,98623,72,39,5054,120939,90754,245,-2510,1473805,26816,40438093,845,345,1422710,52711221,24977514,15062,63484664
"2022-01-14 20:00:00",2021-08-24,2332,32,70120,115,7,1912,116032,84078,435,0,1476137,26848,40508213,960,352,1424622,52827253,25061592,15497,63484664
"2022-01-14 20:00:00",2021-08-25,3151,7,105690,31,15,2372,104825,69401,444,4800,1479288,26855,40613903,991,367,1426994,52932078,25130993,15941,63489464
"2022-01-14 20:00:00",2021-08-26,3339,9,74451,60,21,1906,122607,81949,500,0,1482627,26864,40688354,1051,388,1428900,53054685,25212942,16441,63489464
"2022-01-14 20:00:00",2021-08-27,3746,26,88686,41,7,2665,115205,75069,501,0,1486373,26890,40777040,1092,395,1431565,53169890,25288011,16942,63489464
"2022-01-14 20:00:00",2021-08-28,3794,8,62769,50,7,1136,80612,54979,591,0,1490167,26898,40839809,1142,402,1432701,53250502,25342990,17533,63489464
"2022-01-14 20:00:00",2021-08-29,3118,3,50821,-131,-4,1261,67627,47687,499,0,1493285,26901,40890630,1011,398,1433962,53318129,25390677,18032,63489464
"2022-01-14 20:00:00",2021-08-30,3004,17,100663,105,34,4377,123387,79960,317,0,1496289,26918,40991293,1116,432,1438339,53441516,25470637,18349,63489464
"2022-01-14 20:00:00",2021-08-31,2860,14,64549,174,20,2564,81679,51988,427,0,1499149,26932,41055842,1290,452,1440903,53523195,25522625,18776,63489464
"2022-01-14 20:00:00",2021-09-01,3842,30,87927,62,13,2865,97690,62303,759,14040,1502991,26962,41143769,1352,465,1443768,53620885,25584928,19535,63503504
"2022-01-14 20:00:00",2021-09-02,4022,29,86825,8,8,2757,94185,54659,1091,56160,1507013,26991,41230594,1360,473,1446525,53715070,25639587,20626,63559664
"2022-01-14 20:00:00",2021-09-03,4148,15,85663,56,16,2976,109147,61083,1670,43140,1511161,27006,41316257,1416,489,1449501,53824217,25700670,22296,63602804
"2022-01-14 20:00:00",2021-09-04,3990,10,72158,-14,2,1526,81993,46886,1733,0,1515151,27016,41388415,1402,491,1451027,53906210,25747556,24029,63602804
"2022-01-14 20:00:00",2021-09-05,4062,5,54971,-43,10,1333,62020,37360,1226,0,1519213,27021,41443386,1359,501,1452360,53968230,25784916,25255,63602804
"2022-01-14 20:00:00",2021-09-06,2888,3,46314,42,25,976,36571,21163,789,0,1522101,27024,41489700,1401,526,1453336,54004801,25806079,26044,63602804
"2022-01-14 20:00:00",2021-09-07,3483,43,125001,166,41,8130,102391,59825,628,-2510,1525584,27067,41614701,1567,567,1461466,54107192,25865904,26672,63600294
"2022-01-14 20:00:00",2021-09-08,3701,39,79960,172,31,3378,84403,46976,1613,0,1529285,27106,41694661,1739,598,1464844,54191595,25912880,28285,63600294
"2022-01-14 20:00:00",2021-09-09,4149,28,81163,50,-1,3317,97697,53816,1867,131210,1533434,27134,41775824,1789,597,1468161,54289292,25966696,30152,63731504
"2022-01-14 20:00:00",2021-09-10,4600,36,111177,35,19,3516,98077,54347,1912,-2510,1538034,27170,41887001,1824,616,1471677,54387369,26021043,32064,63728994
"2022-01-14 20:00:00",2021-09-11,4675,19,70133,21,10,1738,72872,43258,1843,0,1542709,27189,41957134,1845,626,1473415,54460241,26064301,33907,63728994
"2022-01-14 20:00:00",2021-09-12,4101,9,61394,-74,6,1739,56973,35374,1420,0,1546810,27198,42018528,1771,632,1475154,54517214,26099675,35327,63728994
"2022-01-14 20:00:00",2021-09-13,4168,40,112991,136,39,6600,99404,55286,875,0,1550978,27238,42131519,1907,671,1481754,54616618,26154961,36202,63728994
"2022-01-14 20:00:00",2021-09-14,3999,25,82367,105,16,3696,73133,39347,1204,0,1554977,27263,42213886,2012,687,1485450,54689751,26194308,37406,63728994
"2022-01-14 20:00:00",2021-09-15,4255,42,108466,59,3,4233,83309,45551,1280,112760,1559232,27305,42322352,2071,690,1489683,54773060,26239859,38686,63841754
"2022-01-14 20:00:00",2021-09-16,4858,20,111654,20,13,3927,96023,53839,1905,18300,1564090,27325,42434006,2091,703,1493610,54869083,26293698,40591,63860054
"2022-01-14 20:00:00",2021-09-17,5061,45,113800,35,9,3809,159000,58777,45016,4300,1569151,27370,42547806,2126,712,1497419,55028083,26352475,85607,63864354
"2022-01-14 20:00:00",2021-09-18,4391,14,80536,-7,-8,1813,68553,40829,1987,0,1573542,27384,42628342,2119,704,1499232,55096636,26393304,87594,63864354
"2022-01-14 20:00:00",2021-09-19,4205,11,75346,-58,1,1810,55750,34459,1255,0,1577747,27395,42703688,2061,705,1501042,55152386,26427763,88849,63864354
"2022-01-14 20:00:00",2021-09-20,4134,39,57181,64,20,7673,139679,66291,6285,36490,1581881,27434,42760869,2125,725,1508715,55292065,26494054,95134,63900844
"2022-01-14 20:00:00",2021-09-21,3775,53,89171,173,0,4061,99008,50873,4132,0,1585656,27487,42850040,2298,725,1512776,55391073,26544927,99266,63900844
"2022-01-14 20:00:00",2021-09-22,3957,50,115672,20,24,4504,100135,51176,3888,5600,1589613,27537,42965712,2318,749,1517280,55491208,26596103,103154,63906444
"2022-01-14 20:00:00",2021-09-23,4570,44,106092,40,-7,4351,115467,60750,5495,0,1594183,27581,43071804,2358,742,1521631,55606675,26656853,108649,63906444
"2022-01-14 20:00:00",2021-09-24,4627,39,138829,17,26,4485,165852,65177,50276,0,1598810,27620,43210633,2375,768,1526116,55772527,26722030,158925,63906444
"2022-01-14 20:00:00",2021-09-25,4740,14,68939,24,-14,1320,74482,46174,1958,0,1603550,27634,43279572,2399,754,1527436,55847009,26768204,160883,63906444
"2022-01-14 20:00:00",2021-09-26,4303,11,68243,-124,-1,1174,68565,42724,1197,0,1607853,27645,43347815,2275,753,1528610,55915574,26810928,162080,63906444
"2022-01-14 20:00:00",2021-09-27,4549,54,147451,-3,31,9543,121234,61157,9930,0,1612402,27699,43495266,2272,784,1538153,56036808,26872085,172010,63906444
"2022-01-14 20:00:00",2021-09-28,3493,52,101667,230,-5,5055,78058,41023,5126,0,1615895,27751,43596933,2502,779,1543208,56114866,26913108,177136,63906444
"2022-01-14 20:00:00",2021-09-29,4228,64,117058,-40,-1,4600,98196,50675,5522,31480,1620123,27815,43713991,2462,778,1547808,56213062,26963783,182658,63937924
"2022-01-14 20:00:00",2021-09-30,4498,52,98631,39,2,3637,99394,56148,6042,403690,1624621,27867,43812622,2501,780,1551445,56312456,27019931,188700,64341614
"2022-01-14 20:00:00",2021-10-01,4500,50,107727,-55,-26,4909,94271,52906,11225,0,1629121,27917,43920349,2446,754,1556354,56406727,27072837,199925,64341614
"2022-01-14 20:00:00",2021-10-02,4070,20,59887,-11,-2,1769,60332,38211,1970,0,1633191,27937,43980236,2435,752,1558123,56467059,27111048,201895,64341614
"2022-01-14 20:00:00",2021-10-03,3766,12,64313,-106,8,2014,49624,31204,1050,0,1636957,27949,44044549,2329,760,1560137,56516683,27142252,202945,64341614
"2022-01-14 20:00:00",2021-10-04,3741,49,184053,14,4,7944,104611,58759,7223,0,1640698,27998,44228602,2343,764,1568081,56621294,27201011,210168,64341614
"2022-01-14 20:00:00",2021-10-05,2771,52,88262,179,-5,4938,78273,43068,4339,47740,1643469,28050,44316864,2522,759,1573019,56699567,27244079,214507,64389354
"2022-01-14 20:00:00",2021-10-06,3729,62,102487,13,-7,4382,123195,46462,44459,19150,1647198,28112,44419351,2535,752,1577401,56822762,27290541,258966,64408504
"2022-01-14 20:00:00",2021-10-07,4020,29,135600,28,-6,4124,86272,44764,10260,57280,1651218,28141,44554951,2563,746,1581525,56909034,27335305,269226,64465784
"2022-01-14 20:00:00",2021-10-08,4142,45,116473,-9,0,4418,98330,49711,15136,7480,1655360,28186,44671424,2554,746,1585943,57007364,27385016,284362,64473264
"2022-01-14 20:00:00",2021-10-09,3436,9,77715,-24,6,1582,63777,37651,3347,0,1658796,28195,44749139,2530,752,1587525,57071141,27422667,287709,64473264
"2022-01-14 20:00:00",2021-10-10,3327,6,67268,-101,1,1745,51720,31876,2227,0,1662123,28201,44816407,2429,753,1589270,57122861,27454543,289936,64473264
"2022-01-14 20:00:00",2021-10-11,2295,9,56620,21,-8,1129,26427,15381,594,0,1664418,28210,44873027,2450,745,1590399,57149288,27469924,290530,64473264
"2022-01-14 20:00:00",2021-10-12,3182,79,128012,-71,-4,11352,111549,49653,18582,0,1667600,28289,45001039,2379,741,1601751,57260837,27519577,309112,64473264
"2022-01-14 20:00:00",2021-10-13,2616,80,82137,87,-4,3841,90478,47635,27624,0,1670216,28369,45083176,2466,737,1605592,57351315,27567212,336736,64473264
"2022-01-14 20:00:00",2021-10-14,3208,52,114935,-6,-6,4060,100032,50913,17641,58570,1673424,28421,45198111,2460,731,1609652,57451347,27618125,354377,64531834
"2022-01-14 20:00:00",2021-10-15,3398,47,95557,-13,5,3903,101168,50034,17738,0,1676822,28468,45293668,2447,736,1613555,57552515,27668159,372115,64531834
"2022-01-14 20:00:00",2021-10-16,2360,11,74594,-35,4,1624,53584,32302,4375,0,1679182,28479,45368262,2412,740,1615179,57606099,27700461,376490,64531834
"2022-01-14 20:00:00",2021-10-17,2210,14,68815,-84,3,1939,46166,28589,2203,0,1681392,28493,45437077,2328,743,1617118,57652265,27729050,378693,64531834
"2022-01-14 20:00:00",2021-10-18,3890,71,120958,-32,2,6816,110091,57986,25756,89266,1685282,28564,45558035,2296,745,1623934,57762356,27787036,404449,64621100
"2022-01-14 20:00:00",2021-10-19,2239,39,74584,111,-28,3878,75120,36336,19649,0,1687521,28603,45632619,2407,717,1627812,57837476,27823372,424098,64621100
"2022-01-14 20:00:00",2021-10-20,2758,41,115896,-78,-22,4008,82240,44770,15024,0,1690279,28644,45748515,2329,695,1631820,57919716,27868142,439122,64621100
"2022-01-14 20:00:00",2021-10-21,2877,23,83533,-8,-8,3447,87326,43196,17770,-80364,1693156,28667,45832048,2321,687,1635267,58007042,27911338,456892,64540736
"2022-01-14 20:00:00",2021-10-22,2771,62,-3021333,-82,-17,2976,93026,48432,19383,0,1695927,28729,42810715,2239,670,1638243,58100068,27959770,476275,64540736
"2022-01-14 20:00:00",2021-10-23,1765,15,66015,-12,-16,1357,48096,28307,5231,0,1697692,28744,42876730,2227,654,1639600,58148164,27988077,481506,64540736
"2022-01-14 20:00:00",2021-10-24,1642,5,-983394,-143,-6,1616,39019,24683,1836,0,1699334,28749,41893336,2084,648,1641216,58187183,28012760,483342,64540736
"2022-01-14 20:00:00",2021-10-25,3240,56,65521,-48,-3,4862,102195,59472,21914,0,1702574,28805,41958857,2036,645,1646078,58289378,28072232,505256,64540736
"2022-01-14 20:00:00",2021-10-26,1804,36,64546,97,-2,2397,82355,40672,22917,0,1704378,28841,42023403,2133,643,1648475,58371733,28112904,528173,64540736
"2022-01-14 20:00:00",2021-10-27,2501,40,4324455,-31,-7,2698,74487,39879,16761,269820,1706879,28881,46347858,2102,636,1651173,58446220,28152783,544934,64810556
"2022-01-14 20:00:00",2021-10-28,2615,47,95090,-54,2,2148,82001,40294,18785,5850,1709494,28928,46442948,2048,638,1653321,58528221,28193077,563719,64816406
"2022-01-14 20:00:00",2021-10-29,2522,23,91190,-21,-8,4494,76258,39514,12018,23400,1712016,28951,46534138,2027,630,1657815,58604479,28232591,575737,64839806
"2022-01-14 20:00:00",2021-10-30,1669,10,52862,-10,1,1035,43046,24976,6506,0,1713685,28961,46587000,2017,631,1658850,58647525,28257567,582243,64839806
"2022-01-14 20:00:00",2021-10-31,1525,7,57188,-117,-1,1275,34571,22480,1977,0,1715210,28968,46644188,1900,630,1660125,58682096,28280047,584220,64839806
"2022-01-14 20:00:00",2021-11-01,3247,54,79888,-42,-37,4484,86588,44596,29335,0,1718457,29022,46724076,1858,593,1664609,58768684,28324643,613555,64839806
"2022-01-14 20:00:00",2021-11-02,1823,33,57569,117,-4,2138,54953,20495,27115,0,1720280,29055,46781645,1975,589,1666747,58823637,28345138,640670,64839806
"2022-01-14 20:00:00",2021-11-03,2287,34,86103,12,-3,2429,74691,33980,23787,300,1722567,29089,46867748,1987,586,1669176,58898328,28379118,664457,64840106
"2022-01-14 20:00:00",2021-11-04,2592,26,160374,-40,-31,2149,76893,34908,23374,49760,1725159,29115,47028122,1947,555,1671325,58975221,28414026,687831,64889866
"2022-01-14 20:00:00",2021-11-05,2513,17,81519,-42,-16,1791,71383,32683,22917,0,1727672,29132,47109641,1905,539,1673116,59046604,28446709,710748,64889866
"2022-01-14 20:00:00",2021-11-06,1946,7,70332,-20,3,3071,31047,14282,9193,0,1729618,29139,47179973,1885,542,1676187,59077651,28460991,719941,64889866
"2022-01-14 20:00:00",2021-11-07,1871,11,62230,-117,-8,1194,29231,17827,2709,0,1731489,29150,47242203,1768,534,1677381,59106882,28478818,722650,64889866
"2022-01-14 20:00:00",2021-11-08,3603,43,122592,-64,-16,3832,92629,44175,29882,0,1735092,29193,47364795,1704,518,1681213,59199511,28522993,752532,64889866
"2022-01-14 20:00:00",2021-11-09,2345,24,66037,151,4,2009,71438,23681,38752,9340,1737437,29217,47430832,1855,522,1683222,59270949,28546674,791284,64899206
"2022-01-14 20:00:00",2021-11-10,2576,33,112672,-72,-9,1916,87447,35242,28164,46590,1740013,29250,47543504,1783,513,1685138,59358396,28581916,819448,64945796
"2022-01-14 20:00:00",2021-11-11,2707,16,74579,-5,-10,580,41389,19697,11055,0,1742720,29266,47618083,1778,503,1685718,59399785,28601613,830503,64945796
"2022-01-14 20:00:00",2021-11-12,2613,43,111084,-73,-10,3177,89864,37578,34167,72900,1745333,29309,47729167,1705,493,1688895,59489649,28639191,864670,65018696
"2022-01-14 20:00:00",2021-11-13,1858,14,63922,44,2,3869,35571,18017,7982,0,1747191,29323,47793089,1749,495,1692764,59525220,28657208,872652,65018696
"2022-01-14 20:00:00",2021-11-14,1888,13,57179,-136,0,1360,28781,17529,2864,0,1749079,29336,47850268,1613,495,1694124,59554001,28674737,875516,65018696
"2022-01-14 20:00:00",2021-11-15,3441,46,102817,-23,1,3789,91194,34930,40260,1918712,1752520,29382,47953085,1590,496,1697913,59645195,28709667,915776,66937408
"2022-01-14 20:00:00",2021-11-16,1842,21,63169,172,-10,2171,64728,25054,28115,0,1754362,29403,48016254,1762,486,1700084,59709923,28734721,943891,66937408
"2022-01-14 20:00:00",2021-11-17,2441,28,102243,-31,-2,2029,76024,33114,24252,-7500,1756803,29431,48118497,1731,484,1702113,59785947,28767835,968143,66929908
"2022-01-14 20:00:00",2021-11-18,2736,31,84804,-32,-16,2133,75544,30706,27417,0,1759539,29462,48203301,1699,468,1704246,59861491,28798541,995560,66929908
"2022-01-14 20:00:00",2021-11-19,2835,18,74860,-21,-4,1803,65540,25735,26882,0,1762374,29480,48278161,1678,464,1706049,59927031,28824276,1022442,66929908
"2022-01-14 20:00:00",2021-11-20,1841,7,56871,12,0,686,32655,16783,6329,0,1764215,29487,48335032,1690,464,1706735,59959686,28841059,1028771,66929908
"2022-01-14 20:00:00",2021-11-21,3043,10,54780,-181,4,5173,21816,12870,1718,0,1767258,29497,48389812,1509,468,1711908,59981502,28853929,1030489,66929908
"2022-01-14 20:00:00",2021-11-22,2814,29,149342,-15,5,3915,91409,33320,43012,92494,1770072,29526,48539154,1494,473,1715823,60072911,28887249,1073501,67022402
"2022-01-14 20:00:00",2021-11-23,2223,29,69005,178,-1,1977,36031,15199,12480,0,1772295,29555,48608159,1672,472,1717800,60108942,28902448,1085981,67022402
"2022-01-14 20:00:00",2021-11-24,2599,25,95842,-19,1,1768,52535,12514,39606,167660,1774894,29580,48704001,1653,473,1719568,60161477,28914962,1125587,67190062
"2022-01-14 20:00:00",2021-11-25,2849,20,100514,-76,4,1801,70128,24163,28739,0,1777743,29600,48804515,1577,477,1721369,60231605,28939125,1154326,67190062
"2022-01-14 20:00:00",2021-11-26,4349,17,98822,-9,-1,1635,86610,25375,28331,0,1782092,29617,48903337,1568,476,1723004,60318215,28964500,1182657,67190062
"2022-01-14 20:00:00",2021-11-27,2811,10,65169,-19,-10,5878,68238,12903,6406,0,1784903,29627,48968506,1549,466,1728882,60386453,28977403,1189063,67190062
"2022-01-14 20:00:00",2021-11-28,2584,5,57813,-135,-1,1558,73590,10376,2836,0,1787487,29632,49026319,1414,465,1730440,60460043,28987779,1191899,67190062
"2022-01-14 20:00:00",2021-11-29,2606,37,119648,42,5,3362,135923,22808,44041,0,1790093,29669,49145967,1456,470,1733802,60595966,29010587,1235940,67190062
"2022-01-14 20:00:00",2021-11-30,2393,18,78958,126,0,1968,111085,14148,28579,215440,1792486,29687,49224925,1582,470,1735770,60707051,29024735,1264519,67405502
"2022-01-14 20:00:00",2021-12-01,3130,27,84064,36,-4,1974,117539,22397,41517,0,1795616,29714,49308989,1618,466,1737744,60824590,29047132,1306036,67405502
"2022-01-14 20:00:00",2021-12-02,3234,23,107234,-44,-5,1900,125618,18404,36208,0,1798850,29737,49416223,1574,461,1739644,60950208,29065536,1342244,67405502
"2022-01-14 20:00:00",2021-12-03,3482,20,106096,-48,-7,1817,879472,17033,778642,4331910,1802332,29757,49522319,1526,454,1741461,61829680,29082569,2120886,71737412
"2022-01-14 20:00:00",2021-12-04,2633,9,72953,-8,13,5574,123388,10742,55957,0,1804965,29766,49595272,1518,467,1747035,61953068,29093311,2176843,71737412
"2022-01-14 20:00:00",2021-12-05,2705,2,65071,-145,2,1876,105412,8633,33118,0,1807670,29768,49660343,1373,469,1748911,62058480,29101944,2209961,71737412
"2022-01-14 20:00:00",2021-12-06,4534,32,129150,-61,4,4123,180313,21090,71861,0,1812204,29800,49789493,1312,473,1753034,62238793,29123034,2281822,71737412
"2022-01-14 20:00:00",2021-12-07,2976,27,83928,219,-7,3111,182647,14166,110668,0,1815180,29827,49873421,1531,466,1756145,62421440,29137200,2392490,71737412
"2022-01-14 20:00:00",2021-12-08,3543,25,112247,-28,-20,2820,183505,20143,103660,0,1818723,29852,49985668,1503,446,1758965,62604945,29157343,2496150,71737412
"2022-01-14 20:00:00",2021-12-09,4264,24,116388,-39,-3,2857,174532,10824,105579,0,1822987,29876,50102056,1464,443,1761822,62779477,29168167,2601729,71737412
"2022-01-14 20:00:00",2021-12-10,4659,24,115427,-18,-4,3004,238963,12849,182525,0,1827646,29900,50217483,1446,439,1764826,63018440,29181016,2784254,71737412
"2022-01-14 20:00:00",2021-12-11,4225,9,90629,6,-4,2184,137421,10683,85158,0,1831871,29909,50308112,1452,435,1767010,63155861,29191699,2869412,71737412
"2022-01-14 20:00:00",2021-12-12,3903,10,83393,-98,15,2285,108081,7659,54332,0,1835774,29919,50391505,1354,450,1769295,63263942,29199358,2923744,71737412
"2022-01-14 20:00:00",2021-12-13,5265,22,153718,8,8,4823,199367,18124,108138,0,1841039,29941,50545223,1362,458,1774118,63463309,29217482,3031882,71737412
"2022-01-14 20:00:00",2021-12-14,4417,28,104728,168,14,3345,259692,11842,212376,0,1845456,29969,50649951,1530,472,1777463,63723001,29229324,3244258,71737412
"2022-01-14 20:00:00",2021-12-15,5856,25,128234,-17,-14,3195,261253,15369,198065,0,1851312,29994,50778185,1513,458,1780658,63984254,29244693,3442323,71737412
"2022-01-14 20:00:00",2021-12-16,7127,18,141897,-52,-5,3395,293289,10202,236379,0,1858439,30012,50920082,1461,453,1784053,64277543,29254895,3678702,71737412
"2022-01-14 20:00:00",2021-12-17,9123,20,117873,42,-10,4048,324695,15199,268154,2033870,1867562,30032,51037955,1503,443,1788101,64602238,29270094,3946856,73771282
"2022-01-14 20:00:00",2021-12-18,9091,8,103722,48,7,3114,261230,9610,222320,0,1876653,30040,51141677,1551,450,1791215,64863468,29279704,4169176,73771282
"2022-01-14 20:00:00",2021-12-19,10237,5,99286,-63,11,1355,212190,7427,170930,0,1886890,30045,51240963,1488,461,1792570,65075658,29287131,4340106,73771282
"2022-01-14 20:00:00",2021-12-20,11329,18,182036,-8,9,7771,323996,21778,248201,135900,1898219,30063,51422999,1480,470,1800341,65399654,29308909,4588307,73907182
"2022-01-14 20:00:00",2021-12-21,11772,22,182902,150,5,4421,420516,7344,371673,500,1909991,30085,51605901,1630,475,1804762,65820170,29316253,4959980,73907682
"2022-01-14 20:00:00",2021-12-22,14908,28,158062,26,-9,4398,444459,20568,387105,0,1924899,30113,51763963,1656,466,1809160,66264629,29336821,5347085,73907682
"2022-01-14 20:00:00",2021-12-23,20719,18,173085,54,10,4715,467073,15324,416932,0,1945618,30131,51937048,1710,476,1813875,66731702,29352145,5764017,73907682
"2022-01-14 20:00:00",2021-12-24,25668,14,146798,51,-14,5965,369911,9743,325241,0,1971286,30145,52083846,1761,462,1819840,67101613,29361888,6089258,73907682
"2022-01-14 20:00:00",2021-12-25,25223,7,131302,0,0,5431,92411,5049,92841,0,1996509,30152,52215148,1761,462,1825271,67194024,29366937,6182099,73907682
"2022-01-14 20:00:00",2021-12-26,22226,17,107957,0,0,1796,13907,264,13137,0,2018735,30169,52323105,1761,462,1827067,67207931,29367201,6195236,73907682
"2022-01-14 20:00:00",2021-12-27,22413,3,103327,-28,12,8486,82118,1866,76778,0,2041148,30172,52426432,1733,474,1835553,67290049,29369067,6272014,73907682
"2022-01-14 20:00:00",2021-12-28,28118,46,118882,266,23,10429,279260,8837,257143,0,2069266,30218,52545314,1999,497,1845982,67569309,29377904,6529157,73907682
"2022-01-14 20:00:00",2021-12-29,32563,35,296947,419,2,11229,515684,13661,461940,165682,2101829,30253,52842261,2418,499,1857211,68084993,29391565,6991097,74073364
"2022-01-14 20:00:00",2021-12-30,39345,27,163004,402,15,17572,342391,11026,310045,6013308,2141174,30280,53005265,2820,514,1874783,68427384,29402591,7301142,80086672
"2022-01-14 20:00:00",2021-12-31,45115,37,98917,328,30,4873,328827,11512,296397,0,2186289,30317,53104182,3148,544,1879656,68756211,29414103,7597539,80086672
"2022-01-14 20:00:00",2022-01-01,44879,20,12753,268,11,4769,102450,4968,90277,0,2231168,30337,53116935,3416,555,1884425,68858661,29419071,7687816,80086672
"2022-01-14 20:00:00",2022-01-02,40135,30,9452,-127,19,5901,22050,1153,19521,0,2271303,30367,53126387,3289,574,1890326,68880711,29420224,7707337,80086672
"2022-01-14 20:00:00",2022-01-03,44346,31,45885,325,41,7384,97903,5751,85057,0,2315649,30398,53172272,3614,615,1897710,68978614,29425975,7792394,80086672
"2022-01-14 20:00:00",2022-01-04,39327,58,376321,445,47,19292,583844,24290,522306,0,2354976,30456,53548593,4059,662,1917002,69562458,29450265,8314700,80086672
"2022-01-14 20:00:00",2022-01-05,39188,68,369943,1024,39,86616,389755,16778,350863,21712,2394164,30524,53918536,5083,701,2003618,69952213,29467043,8665563,80108384
"2022-01-14 20:00:00",2022-01-06,43155,60,158135,449,52,26025,418371,23109,376159,110600,2437319,30584,54076671,5532,753,2029643,70370584,29490152,9041722,80218984
"2022-01-14 20:00:00",2022-01-07,43920,84,169175,449,40,33347,427667,13904,383567,3880,2481239,30668,54245846,5981,793,2062990,70798251,29504056,9425289,80222864
"2022-01-14 20:00:00",2022-01-08,40534,75,61556,305,65,12388,300494,13204,269748,0,2521773,30743,54307402,6286,858,2075378,71098745,29517260,9695037,80222864
"2022-01-14 20:00:00",2022-01-09,32376,45,54334,-31,38,11403,216542,11137,188501,0,2554149,30788,54361736,6255,896,2086781,71315287,29528397,9883538,80222864
"2022-01-14 20:00:00",2022-01-10,39103,75,313242,478,21,70548,400882,22926,349628,0,2593252,30863,54674978,6733,917,2157329,71716169,29551323,10233166,80222864
"2022-01-14 20:00:00",2022-01-11,29334,95,126009,1096,63,30699,420329,18915,379135,0,2622586,30958,54800987,7829,980,2188028,72136498,29570238,10612301,80222864
"2022-01-14 20:00:00",2022-01-12,33042,124,176854,485,42,35677,401104,19919,357358,0,2655628,31082,54977841,8314,1022,2223705,72537602,29590157,10969659,80222864
"2022-01-14 20:00:00",2022-01-13,31692,108,105970,423,5,29664,421422,21953,370934,0,2687320,31190,55083811,8737,1027,2253369,72959024,29612110,11340593,80222864
"2022-01-14 20:00:00",2022-01-14,31869,133,193211,454,26,63363,502054,24587,447843,0,2719189,31323,55277022,9191,1053,2316732,73461078,29636697,11788436,80222864
"2022-01-14 20:00:00",2022-01-15,19218,139,59742,273,34,23426,160420,15224,130559,0,2738407,31462,55336764,9464,1087,2340158,73621498,29651921,11918995,80222864
