"province","last_updated","date","change_cases","change_fatalities","change_tests","change_hospitalizations","change_criticals","change_recoveries","change_vaccinations","change_vaccinated","change_boosters_1","change_vaccines_distributed","total_cases","total_fatalities","total_tests","total_hospitalizations","total_criticals","total_recoveries","total_vaccinations","total_vaccinated","total_boosters_1","total_vaccines_distributed"
"QC","2022-01-14 20:00:00",2020-01-25,0,0,0,0,0,0,0,0,0,0,0,0,0,0,0,0,0,0,0,0
"QC","2022-01-14 20:00:00",2020-01-26,0,0,0,0,0,0,0,0,0,0,0,0,0,0,0,0,0,0,0,0
"QC","2022-01-14 20:00:00",2020-01-27,0,0,0,0,0,0,0,0,0,0,0,0,0,0,0,0,0,0,0,0
"QC","2022-01-14 20:00:00",2020-01-28,0,0,0,0,0,0,0,0,0,0,0,0,0,0,0,0,0,0,0,0
"QC","2022-01-14 20:00:00",2020-01-29,0,0,0,0,0,0,0,0,0,0,0,0,0,0,0,0,0,0,0,0
"QC","2022-01-14 20:00:00",2020-01-30,0,0,0,0,0,0,0,0,0,0,0,0,0,0,0,0,0,0,0,0
"QC","2022-01-14 20:00:00",2020-01-31,0,0,0,0,0,0,0,0,0,0,0,0,0,0,0,0,0,0,0,0
"QC","2022-01-14 20:00:00",2020-02-01,0,0,0,0,0,0,0,0,0,0,0,0,0,0,0,0,0,0,0,0
"QC","2022-01-14 20:00:00",2020-02-02,0,0,0,0,0,0,0,0,0,0,0,0,0,0,0,0,0,0,0,0
"QC","2022-01-14 20:00:00",2020-02-03,0,0,0,0,0,0,0,0,0,0,0,0,0,0,0,0,0,0,0,0
"QC","2022-01-14 20:00:00",2020-02-04,0,0,0,0,0,0,0,0,0,0,0,0,0,0,0,0,0,0,0,0
"QC","2022-01-14 20:00:00",2020-02-05,0,0,0,0,0,0,0,0,0,0,0,0,0,0,0,0,0,0,0,0
"QC","2022-01-14 20:00:00",2020-02-06,0,0,0,0,0,0,0,0,0,0,0,0,0,0,0,0,0,0,0,0
"QC","2022-01-14 20:00:00",2020-02-07,0,0,0,0,0,0,0,0,0,0,0,0,0,0,0,0,0,0,0,0
"QC","2022-01-14 20:00:00",2020-02-08,0,0,0,0,0,0,0,0,0,0,0,0,0,0,0,0,0,0,0,0
"QC","2022-01-14 20:00:00",2020-02-09,0,0,0,0,0,0,0,0,0,0,0,0,0,0,0,0,0,0,0,0
"QC","2022-01-14 20:00:00",2020-02-10,0,0,0,0,0,0,0,0,0,0,0,0,0,0,0,0,0,0,0,0
"QC","2022-01-14 20:00:00",2020-02-11,0,0,0,0,0,0,0,0,0,0,0,0,0,0,0,0,0,0,0,0
"QC","2022-01-14 20:00:00",2020-02-12,0,0,0,0,0,0,0,0,0,0,0,0,0,0,0,0,0,0,0,0
"QC","2022-01-14 20:00:00",2020-02-13,0,0,0,0,0,0,0,0,0,0,0,0,0,0,0,0,0,0,0,0
"QC","2022-01-14 20:00:00",2020-02-14,0,0,0,0,0,0,0,0,0,0,0,0,0,0,0,0,0,0,0,0
"QC","2022-01-14 20:00:00",2020-02-15,0,0,0,0,0,0,0,0,0,0,0,0,0,0,0,0,0,0,0,0
"QC","2022-01-14 20:00:00",2020-02-16,0,0,0,0,0,0,0,0,0,0,0,0,0,0,0,0,0,0,0,0
"QC","2022-01-14 20:00:00",2020-02-17,0,0,0,0,0,0,0,0,0,0,0,0,0,0,0,0,0,0,0,0
"QC","2022-01-14 20:00:00",2020-02-18,0,0,0,0,0,0,0,0,0,0,0,0,0,0,0,0,0,0,0,0
"QC","2022-01-14 20:00:00",2020-02-19,0,0,0,0,0,0,0,0,0,0,0,0,0,0,0,0,0,0,0,0
"QC","2022-01-14 20:00:00",2020-02-20,0,0,0,0,0,0,0,0,0,0,0,0,0,0,0,0,0,0,0,0
"QC","2022-01-14 20:00:00",2020-02-21,0,0,0,0,0,0,0,0,0,0,0,0,0,0,0,0,0,0,0,0
"QC","2022-01-14 20:00:00",2020-02-22,0,0,0,0,0,0,0,0,0,0,0,0,0,0,0,0,0,0,0,0
"QC","2022-01-14 20:00:00",2020-02-23,0,0,0,0,0,0,0,0,0,0,0,0,0,0,0,0,0,0,0,0
"QC","2022-01-14 20:00:00",2020-02-24,0,0,0,0,0,0,0,0,0,0,0,0,0,0,0,0,0,0,0,0
"QC","2022-01-14 20:00:00",2020-02-25,0,0,0,0,0,0,0,0,0,0,0,0,0,0,0,0,0,0,0,0
"QC","2022-01-14 20:00:00",2020-02-26,0,0,0,0,0,0,0,0,0,0,0,0,0,0,0,0,0,0,0,0
"QC","2022-01-14 20:00:00",2020-02-27,1,0,92,0,0,0,0,0,0,0,1,0,92,0,0,0,0,0,0,0
"QC","2022-01-14 20:00:00",2020-02-28,0,0,13,0,0,0,0,0,0,0,1,0,105,0,0,0,0,0,0,0
"QC","2022-01-14 20:00:00",2020-02-29,0,0,34,0,0,0,0,0,0,0,1,0,139,0,0,0,0,0,0,0
"QC","2022-01-14 20:00:00",2020-03-01,0,0,0,0,0,0,0,0,0,0,1,0,139,0,0,0,0,0,0,0
"QC","2022-01-14 20:00:00",2020-03-02,0,0,51,0,0,0,0,0,0,0,1,0,190,0,0,0,0,0,0,0
"QC","2022-01-14 20:00:00",2020-03-03,0,0,14,0,0,0,0,0,0,0,1,0,204,0,0,0,0,0,0,0
"QC","2022-01-14 20:00:00",2020-03-04,0,0,0,0,0,0,0,0,0,0,1,0,204,0,0,0,0,0,0,0
"QC","2022-01-14 20:00:00",2020-03-05,2,0,40,0,0,0,0,0,0,0,3,0,244,0,0,0,0,0,0,0
"QC","2022-01-14 20:00:00",2020-03-06,0,0,19,0,0,0,0,0,0,0,3,0,263,0,0,0,0,0,0,0
"QC","2022-01-14 20:00:00",2020-03-07,0,0,43,0,0,0,0,0,0,0,3,0,306,0,0,0,0,0,0,0
"QC","2022-01-14 20:00:00",2020-03-08,1,0,38,0,0,0,0,0,0,0,4,0,344,0,0,0,0,0,0,0
"QC","2022-01-14 20:00:00",2020-03-09,1,0,9,0,0,0,0,0,0,0,5,0,353,0,0,0,0,0,0,0
"QC","2022-01-14 20:00:00",2020-03-10,2,0,68,0,0,0,0,0,0,0,7,0,421,0,0,0,0,0,0,0
"QC","2022-01-14 20:00:00",2020-03-11,2,0,145,0,0,0,0,0,0,0,9,0,566,0,0,0,0,0,0,0
"QC","2022-01-14 20:00:00",2020-03-12,8,0,225,0,0,0,0,0,0,0,17,0,791,0,0,0,0,0,0,0
"QC","2022-01-14 20:00:00",2020-03-13,0,0,377,0,0,0,0,0,0,0,17,0,1168,0,0,0,0,0,0,0
"QC","2022-01-14 20:00:00",2020-03-14,7,0,287,0,0,0,0,0,0,0,24,0,1455,0,0,0,0,0,0,0
"QC","2022-01-14 20:00:00",2020-03-15,15,0,695,0,0,0,0,0,0,0,39,0,2150,0,0,0,0,0,0,0
"QC","2022-01-14 20:00:00",2020-03-16,11,0,811,2,0,0,0,0,0,0,50,0,2961,2,0,0,0,0,0,0
"QC","2022-01-14 20:00:00",2020-03-17,24,0,1157,3,0,0,0,0,0,0,74,0,4118,5,0,0,0,0,0,0
"QC","2022-01-14 20:00:00",2020-03-18,20,1,1459,1,4,1,0,0,0,0,94,1,5577,6,4,1,0,0,0,0
"QC","2022-01-14 20:00:00",2020-03-19,27,0,2246,1,0,0,0,0,0,0,121,1,7823,7,4,1,0,0,0,0
"QC","2022-01-14 20:00:00",2020-03-20,18,0,3597,3,2,0,0,0,0,0,139,1,11420,10,6,1,0,0,0,0
"QC","2022-01-14 20:00:00",2020-03-21,42,3,3990,10,4,0,0,0,0,0,181,4,15410,20,10,1,0,0,0,0
"QC","2022-01-14 20:00:00",2020-03-22,38,0,3995,4,3,0,0,0,0,0,219,4,19405,24,13,1,0,0,0,0
"QC","2022-01-14 20:00:00",2020-03-23,409,0,4434,21,7,0,0,0,0,0,628,4,23839,45,20,1,0,0,0,0
"QC","2022-01-14 20:00:00",2020-03-24,412,0,3952,22,11,0,0,0,0,0,1040,4,27791,67,31,1,0,0,0,0
"QC","2022-01-14 20:00:00",2020-03-25,299,2,4024,11,4,0,0,0,0,0,1339,6,31815,78,35,1,0,0,0,0
"QC","2022-01-14 20:00:00",2020-03-26,290,2,5394,28,8,0,0,0,0,0,1629,8,37209,106,43,1,0,0,0,0
"QC","2022-01-14 20:00:00",2020-03-27,392,10,5299,35,7,28,0,0,0,0,2021,18,42508,141,50,29,0,0,0,0
"QC","2022-01-14 20:00:00",2020-03-28,477,4,6119,23,7,0,0,0,0,0,2498,22,48627,164,57,29,0,0,0,0
"QC","2022-01-14 20:00:00",2020-03-29,342,0,5773,28,15,55,0,0,0,0,2840,22,54400,192,72,84,0,0,0,0
"QC","2022-01-14 20:00:00",2020-03-30,590,3,6856,43,6,0,0,0,0,0,3430,25,61256,235,78,84,0,0,0,0
"QC","2022-01-14 20:00:00",2020-03-31,732,6,7511,51,4,0,0,0,0,0,4162,31,68767,286,82,84,0,0,0,0
"QC","2022-01-14 20:00:00",2020-04-01,449,2,7569,21,0,140,0,0,0,0,4611,33,76336,307,82,224,0,0,0,0
"QC","2022-01-14 20:00:00",2020-04-02,907,3,6493,58,14,0,0,0,0,0,5518,36,82829,365,96,224,0,0,0,0
"QC","2022-01-14 20:00:00",2020-04-03,583,25,7182,76,11,82,0,0,0,0,6101,61,90011,441,107,306,0,0,0,0
"QC","2022-01-14 20:00:00",2020-04-04,896,14,7743,37,23,131,0,0,0,0,6997,75,97754,478,130,437,0,0,0,0
"QC","2022-01-14 20:00:00",2020-04-05,947,19,4990,47,24,27,0,0,0,0,7944,94,102744,525,154,464,0,0,0,0
"QC","2022-01-14 20:00:00",2020-04-06,636,27,3978,8,10,147,0,0,0,0,8580,121,106722,533,164,611,0,0,0,0
"QC","2022-01-14 20:00:00",2020-04-07,760,29,4805,50,10,109,0,0,0,0,9340,150,111527,583,174,720,0,0,0,0
"QC","2022-01-14 20:00:00",2020-04-08,691,25,5394,49,7,107,0,0,0,0,10031,175,116921,632,181,827,0,0,0,0
"QC","2022-01-14 20:00:00",2020-04-09,881,41,4968,47,15,285,0,0,0,0,10912,216,121889,679,196,1112,0,0,0,0
"QC","2022-01-14 20:00:00",2020-04-10,765,25,5508,54,-10,229,0,0,0,0,11677,241,127397,733,186,1341,0,0,0,0
"QC","2022-01-14 20:00:00",2020-04-11,615,48,5267,45,25,222,0,0,0,0,12292,289,132664,778,211,1563,0,0,0,0
"QC","2022-01-14 20:00:00",2020-04-12,554,39,6923,46,6,182,0,0,0,0,12846,328,139587,824,217,1745,0,0,0,0
"QC","2022-01-14 20:00:00",2020-04-13,711,32,6230,55,9,237,0,0,0,0,13557,360,145817,879,226,1982,0,0,0,0
"QC","2022-01-14 20:00:00",2020-04-14,691,75,7016,57,4,164,0,0,0,0,14248,435,152833,936,230,2146,0,0,0,0
"QC","2022-01-14 20:00:00",2020-04-15,612,52,7174,48,-12,345,0,0,0,0,14860,487,160007,984,218,2491,0,0,0,0
"QC","2022-01-14 20:00:00",2020-04-16,997,122,6562,34,-9,350,0,0,0,0,15857,609,166569,1018,209,2841,0,0,0,0
"QC","2022-01-14 20:00:00",2020-04-17,941,79,6707,58,-2,227,0,0,0,0,16798,688,173276,1076,207,3068,0,0,0,0
"QC","2022-01-14 20:00:00",2020-04-18,723,117,6363,54,51,247,0,0,0,0,17521,805,179639,1130,258,3315,0,0,0,0
"QC","2022-01-14 20:00:00",2020-04-19,836,72,5898,-28,-75,240,0,0,0,0,18357,877,185537,1102,183,3555,0,0,0,0
"QC","2022-01-14 20:00:00",2020-04-20,962,62,5379,67,15,292,0,0,0,0,19319,939,190916,1169,198,3847,0,0,0,0
"QC","2022-01-14 20:00:00",2020-04-21,807,102,6336,55,3,201,0,0,0,0,20126,1041,197252,1224,201,4048,0,0,0,0
"QC","2022-01-14 20:00:00",2020-04-22,839,93,5963,54,-2,243,0,0,0,0,20965,1134,203215,1278,199,4291,0,0,0,0
"QC","2022-01-14 20:00:00",2020-04-23,873,109,8598,133,8,193,0,0,0,0,21838,1243,211813,1411,207,4484,0,0,0,0
"QC","2022-01-14 20:00:00",2020-04-24,778,97,6600,49,20,240,0,0,0,0,22616,1340,218413,1460,227,4724,0,0,0,0
"QC","2022-01-14 20:00:00",2020-04-25,651,106,7630,49,-10,333,0,0,0,0,23267,1446,226043,1509,217,5057,0,0,0,0
"QC","2022-01-14 20:00:00",2020-04-26,840,69,6339,9,-2,285,0,0,0,0,24107,1515,232382,1518,215,5342,0,0,0,0
"QC","2022-01-14 20:00:00",2020-04-27,875,84,7013,23,-5,175,0,0,0,0,24982,1599,239395,1541,210,5517,0,0,0,0
"QC","2022-01-14 20:00:00",2020-04-28,775,83,6413,84,7,324,0,0,0,0,25757,1682,245808,1625,217,5841,0,0,0,0
"QC","2022-01-14 20:00:00",2020-04-29,837,79,7118,23,5,207,0,0,0,0,26594,1761,252926,1648,222,6048,0,0,0,0
"QC","2022-01-14 20:00:00",2020-04-30,944,98,8801,36,-8,251,0,0,0,0,27538,1859,261727,1684,214,6299,0,0,0,0
"QC","2022-01-14 20:00:00",2020-05-01,1110,163,8613,32,4,401,0,0,0,0,28648,2022,270340,1716,218,6700,0,0,0,0
"QC","2022-01-14 20:00:00",2020-05-02,1008,114,9672,22,4,265,0,0,0,0,29656,2136,280012,1738,222,6965,0,0,0,0
"QC","2022-01-14 20:00:00",2020-05-03,2209,69,7809,16,-4,293,0,0,0,0,31865,2205,287821,1754,218,7258,0,0,0,0
"QC","2022-01-14 20:00:00",2020-05-04,758,75,7955,18,0,320,0,0,0,0,32623,2280,295776,1772,218,7578,0,0,0,0
"QC","2022-01-14 20:00:00",2020-05-05,794,118,6937,49,0,345,0,0,0,0,33417,2398,302713,1821,218,7923,0,0,0,0
"QC","2022-01-14 20:00:00",2020-05-06,910,112,9117,19,-5,361,0,0,0,0,34327,2510,311830,1840,213,8284,0,0,0,0
"QC","2022-01-14 20:00:00",2020-05-07,911,121,9452,-4,11,389,0,0,0,0,35238,2631,321282,1836,224,8673,0,0,0,0
"QC","2022-01-14 20:00:00",2020-05-08,912,94,10033,-9,-17,255,0,0,0,0,36150,2725,331315,1827,207,8928,0,0,0,0
"QC","2022-01-14 20:00:00",2020-05-09,836,61,10831,8,-2,340,0,0,0,0,36986,2786,342146,1835,205,9268,0,0,0,0
"QC","2022-01-14 20:00:00",2020-05-10,735,142,9042,-4,-6,258,0,0,0,0,37721,2928,351188,1831,199,9526,0,0,0,0
"QC","2022-01-14 20:00:00",2020-05-11,748,85,8995,7,-6,177,0,0,0,0,38469,3013,360183,1838,193,9703,0,0,0,0
"QC","2022-01-14 20:00:00",2020-05-12,756,118,8981,3,-7,353,0,0,0,0,39225,3131,369164,1841,186,10056,0,0,0,0
"QC","2022-01-14 20:00:00",2020-05-13,706,89,11302,35,8,414,0,0,0,0,39931,3220,380466,1876,194,10470,0,0,0,0
"QC","2022-01-14 20:00:00",2020-05-14,793,131,11363,-42,-4,359,0,0,0,0,40724,3351,391829,1834,190,10829,0,0,0,0
"QC","2022-01-14 20:00:00",2020-05-15,696,50,13169,-12,1,210,0,0,0,0,41420,3401,404998,1822,191,11039,0,0,0,0
"QC","2022-01-14 20:00:00",2020-05-16,763,82,12054,-59,-12,419,0,0,0,0,42183,3483,417052,1763,179,11458,0,0,0,0
"QC","2022-01-14 20:00:00",2020-05-17,737,79,13435,3,4,296,0,0,0,0,42920,3562,430487,1766,183,11754,0,0,0,0
"QC","2022-01-14 20:00:00",2020-05-18,707,34,10203,5,-4,291,0,0,0,0,43627,3596,440690,1771,179,12045,0,0,0,0
"QC","2022-01-14 20:00:00",2020-05-19,570,51,9582,-235,1,452,0,0,0,0,44197,3647,450272,1536,180,12497,0,0,0,0
"QC","2022-01-14 20:00:00",2020-05-20,578,71,11608,-20,3,325,0,0,0,0,44775,3718,461880,1516,183,12822,0,0,0,0
"QC","2022-01-14 20:00:00",2020-05-21,720,82,12506,-12,-7,0,0,0,0,0,45495,3800,474386,1504,176,12822,0,0,0,0
"QC","2022-01-14 20:00:00",2020-05-22,646,65,14572,-25,-5,997,0,0,0,0,46141,3865,488958,1479,171,13819,0,0,0,0
"QC","2022-01-14 20:00:00",2020-05-23,697,75,15375,-27,-4,225,0,0,0,0,46838,3940,504333,1452,167,14044,0,0,0,0
"QC","2022-01-14 20:00:00",2020-05-24,573,44,13533,-17,3,287,0,0,0,0,47411,3984,517866,1435,170,14331,0,0,0,0
"QC","2022-01-14 20:00:00",2020-05-25,573,85,12121,-10,9,323,0,0,0,0,47984,4069,529987,1425,179,14654,0,0,0,0
"QC","2022-01-14 20:00:00",2020-05-26,614,70,10112,-22,2,345,0,0,0,0,48598,4139,540099,1403,181,14999,0,0,0,0
"QC","2022-01-14 20:00:00",2020-05-27,541,89,12972,-25,3,320,0,0,0,0,49139,4228,553071,1378,184,15319,0,0,0,0
"QC","2022-01-14 20:00:00",2020-05-28,563,74,14949,-47,-6,299,0,0,0,0,49702,4302,568020,1331,178,15618,0,0,0,0
"QC","2022-01-14 20:00:00",2020-05-29,530,61,13868,-66,-6,290,0,0,0,0,50232,4363,581888,1265,172,15908,0,0,0,0
"QC","2022-01-14 20:00:00",2020-05-30,419,76,13853,-68,-5,162,0,0,0,0,50651,4439,595741,1197,167,16070,0,0,0,0
"QC","2022-01-14 20:00:00",2020-05-31,408,202,12985,1,4,276,0,0,0,0,51059,4641,608726,1198,171,16346,0,0,0,0
"QC","2022-01-14 20:00:00",2020-06-01,295,20,9458,-13,-8,0,0,0,0,0,51354,4661,618184,1185,163,16346,0,0,0,0
"QC","2022-01-14 20:00:00",2020-06-02,239,52,9646,-10,-2,457,0,0,0,0,51593,4713,627830,1175,161,16803,0,0,0,0
"QC","2022-01-14 20:00:00",2020-06-03,291,81,12444,-34,-3,295,0,0,0,0,51884,4794,640274,1141,158,17098,0,0,0,0
"QC","2022-01-14 20:00:00",2020-06-04,259,91,12490,-65,-12,238,0,0,0,0,52143,4885,652764,1076,146,17336,0,0,0,0
"QC","2022-01-14 20:00:00",2020-06-05,255,50,10789,-46,-15,428,0,0,0,0,52398,4935,663553,1030,131,17764,0,0,0,0
"QC","2022-01-14 20:00:00",2020-06-06,226,35,12657,-49,-2,648,0,0,0,0,52624,4970,676210,981,129,18412,0,0,0,0
"QC","2022-01-14 20:00:00",2020-06-07,225,8,9576,-9,-1,302,0,0,0,0,52849,4978,685786,972,128,18714,0,0,0,0
"QC","2022-01-14 20:00:00",2020-06-08,198,6,6924,7,-7,280,0,0,0,0,53047,4984,692710,979,121,18994,0,0,0,0
"QC","2022-01-14 20:00:00",2020-06-09,138,45,7995,-18,-4,367,0,0,0,0,53185,5029,700705,961,117,19361,0,0,0,0
"QC","2022-01-14 20:00:00",2020-06-10,156,52,9676,-47,0,480,0,0,0,0,53341,5081,710381,914,117,19841,0,0,0,0
"QC","2022-01-14 20:00:00",2020-06-11,144,24,9101,-43,-3,458,0,0,0,0,53485,5105,719482,871,114,20299,0,0,0,0
"QC","2022-01-14 20:00:00",2020-06-12,181,43,9493,-31,-7,524,0,0,0,0,53666,5148,728975,840,107,20823,0,0,0,0
"QC","2022-01-14 20:00:00",2020-06-13,158,47,9480,-52,-5,458,0,0,0,0,53824,5195,738455,788,102,21281,0,0,0,0
"QC","2022-01-14 20:00:00",2020-06-14,128,27,7079,-19,-17,461,0,0,0,0,53952,5222,745534,769,85,21742,0,0,0,0
"QC","2022-01-14 20:00:00",2020-06-15,102,20,5200,2,-3,471,0,0,0,0,54054,5242,750734,771,82,22213,0,0,0,0
"QC","2022-01-14 20:00:00",2020-06-16,92,27,6812,-53,-5,137,0,0,0,0,54146,5269,757546,718,77,22350,0,0,0,0
"QC","2022-01-14 20:00:00",2020-06-17,117,29,8889,-28,-5,0,0,0,0,0,54263,5298,766435,690,72,22350,0,0,0,0
"QC","2022-01-14 20:00:00",2020-06-18,120,42,9803,-53,-7,404,0,0,0,0,54383,5340,776238,637,65,22754,0,0,0,0
"QC","2022-01-14 20:00:00",2020-06-19,167,35,9876,-63,-3,218,0,0,0,0,54550,5375,786114,574,62,22972,0,0,0,0
"QC","2022-01-14 20:00:00",2020-06-20,124,33,8290,-45,0,229,0,0,0,0,54674,5408,794404,529,62,23201,0,0,0,0
"QC","2022-01-14 20:00:00",2020-06-21,92,9,7742,-8,-1,121,0,0,0,0,54766,5417,802146,521,61,23322,0,0,0,0
"QC","2022-01-14 20:00:00",2020-06-22,69,0,5880,-1,-4,184,0,0,0,0,54835,5417,808026,520,57,23506,0,0,0,0
"QC","2022-01-14 20:00:00",2020-06-23,49,7,6185,-5,-1,114,0,0,0,0,54884,5424,814211,515,56,23620,0,0,0,0
"QC","2022-01-14 20:00:00",2020-06-24,53,17,7917,-15,-4,90,0,0,0,0,54937,5441,822128,500,52,23710,0,0,0,0
"QC","2022-01-14 20:00:00",2020-06-25,142,7,8113,-13,-2,76,0,0,0,0,55079,5448,830241,487,50,23786,0,0,0,0
"QC","2022-01-14 20:00:00",2020-06-26,77,0,7323,-9,-2,0,0,0,0,0,55156,5448,837564,478,48,23786,0,0,0,0
"QC","2022-01-14 20:00:00",2020-06-27,85,0,9091,-20,-3,0,0,0,0,0,55241,5448,846655,458,45,23786,0,0,0,0
"QC","2022-01-14 20:00:00",2020-06-28,77,0,7788,-3,-2,0,0,0,0,0,55318,5448,854443,455,43,23786,0,0,0,0
"QC","2022-01-14 20:00:00",2020-06-29,72,37,5424,0,2,816,0,0,0,0,55390,5485,859867,455,45,24602,0,0,0,0
"QC","2022-01-14 20:00:00",2020-06-30,68,18,6770,-20,-7,196,0,0,0,0,55458,5503,866637,435,38,24798,0,0,0,0
"QC","2022-01-14 20:00:00",2020-07-01,66,24,8879,-13,-5,151,0,0,0,0,55524,5527,875516,422,33,24949,0,0,0,0
"QC","2022-01-14 20:00:00",2020-07-02,69,14,8681,-11,-1,85,0,0,0,0,55593,5541,884197,411,32,25034,0,0,0,0
"QC","2022-01-14 20:00:00",2020-07-03,89,19,7918,-19,-1,124,0,0,0,0,55682,5560,892115,392,31,25158,0,0,0,0
"QC","2022-01-14 20:00:00",2020-07-04,102,6,7919,-17,-4,122,0,0,0,0,55784,5566,900034,375,27,25280,0,0,0,0
"QC","2022-01-14 20:00:00",2020-07-05,79,8,6268,-4,-1,66,0,0,0,0,55863,5574,906302,371,26,25346,0,0,0,0
"QC","2022-01-14 20:00:00",2020-07-06,74,3,5318,6,-1,32,0,0,0,0,55937,5577,911620,377,25,25378,0,0,0,0
"QC","2022-01-14 20:00:00",2020-07-07,60,13,7302,-30,1,80,0,0,0,0,55997,5590,918922,347,26,25458,0,0,0,0
"QC","2022-01-14 20:00:00",2020-07-08,82,13,9279,-16,1,76,0,0,0,0,56079,5603,928201,331,27,25534,0,0,0,0
"QC","2022-01-14 20:00:00",2020-07-09,137,6,10504,-23,0,82,0,0,0,0,56216,5609,938705,308,27,25616,0,0,0,0
"QC","2022-01-14 20:00:00",2020-07-10,100,3,12034,9,-3,59,0,0,0,0,56316,5612,950739,317,24,25675,0,0,0,0
"QC","2022-01-14 20:00:00",2020-07-11,91,8,11277,-4,-2,98,0,0,0,0,56407,5620,962016,313,22,25773,0,0,0,0
"QC","2022-01-14 20:00:00",2020-07-12,114,7,10118,-7,-2,89,0,0,0,0,56521,5627,972134,306,20,25862,0,0,0,0
"QC","2022-01-14 20:00:00",2020-07-13,100,1,8215,-1,1,49,0,0,0,0,56621,5628,980349,305,21,25911,0,0,0,0
"QC","2022-01-14 20:00:00",2020-07-14,109,5,9660,-10,0,114,0,0,0,0,56730,5633,990009,295,21,26025,0,0,0,0
"QC","2022-01-14 20:00:00",2020-07-15,129,3,12041,-10,-1,72,0,0,0,0,56859,5636,1002050,285,20,26097,0,0,0,0
"QC","2022-01-14 20:00:00",2020-07-16,142,10,14383,-8,0,23804,0,0,0,0,57001,5646,1016433,277,20,49901,0,0,0,0
"QC","2022-01-14 20:00:00",2020-07-17,141,1,14525,-17,-4,38,0,0,0,0,57142,5647,1030958,260,16,49939,0,0,0,0
"QC","2022-01-14 20:00:00",2020-07-18,158,7,16466,-12,-1,88,0,0,0,0,57300,5654,1047424,248,15,50027,0,0,0,0
"QC","2022-01-14 20:00:00",2020-07-19,166,1,13358,3,3,23,0,0,0,0,57466,5655,1060782,251,18,50050,0,0,0,0
"QC","2022-01-14 20:00:00",2020-07-20,150,2,10834,0,-1,140,0,0,0,0,57616,5657,1071616,251,17,50190,0,0,0,0
"QC","2022-01-14 20:00:00",2020-07-21,180,1,11843,-4,-2,108,0,0,0,0,57796,5658,1083459,247,15,50298,0,0,0,0
"QC","2022-01-14 20:00:00",2020-07-22,142,4,14310,-12,1,75,0,0,0,0,57938,5662,1097769,235,16,50373,0,0,0,0
"QC","2022-01-14 20:00:00",2020-07-23,142,0,16342,-14,-2,132,0,0,0,0,58080,5662,1114111,221,14,50505,0,0,0,0
"QC","2022-01-14 20:00:00",2020-07-24,163,1,16953,-1,-2,110,0,0,0,0,58243,5663,1131064,220,12,50615,0,0,0,0
"QC","2022-01-14 20:00:00",2020-07-25,171,3,15218,-14,0,88,0,0,0,0,58414,5666,1146282,206,12,50703,0,0,0,0
"QC","2022-01-14 20:00:00",2020-07-26,169,1,12774,-9,-2,109,0,0,0,0,58583,5667,1159056,197,10,50812,0,0,0,0
"QC","2022-01-14 20:00:00",2020-07-27,145,0,10877,3,-3,74,0,0,0,0,58728,5667,1169933,200,7,50886,0,0,0,0
"QC","2022-01-14 20:00:00",2020-07-28,169,3,13498,-7,1,0,0,0,0,0,58897,5670,1183431,193,8,50886,0,0,0,0
"QC","2022-01-14 20:00:00",2020-07-29,112,0,15194,-3,1,0,0,0,0,0,59009,5670,1198625,190,9,50886,0,0,0,0
"QC","2022-01-14 20:00:00",2020-07-30,139,3,18255,18,9,0,0,0,0,0,59148,5673,1216880,208,18,50886,0,0,0,0
"QC","2022-01-14 20:00:00",2020-07-31,164,1,17032,-19,-3,0,0,0,0,0,59312,5674,1233912,189,15,50886,0,0,0,0
"QC","2022-01-14 20:00:00",2020-08-01,146,4,16733,-12,3,0,0,0,0,0,59458,5678,1250645,177,18,50886,0,0,0,0
"QC","2022-01-14 20:00:00",2020-08-02,141,3,13918,-5,-1,0,0,0,0,0,59599,5681,1264563,172,17,50886,0,0,0,0
"QC","2022-01-14 20:00:00",2020-08-03,123,2,10325,0,1,0,0,0,0,0,59722,5683,1274888,172,18,50886,0,0,0,0
"QC","2022-01-14 20:00:00",2020-08-04,123,2,12429,-3,3,0,0,0,0,0,59845,5685,1287317,169,21,50886,0,0,0,0
"QC","2022-01-14 20:00:00",2020-08-05,155,2,16293,-2,-2,0,0,0,0,0,60000,5687,1303610,167,19,50886,0,0,0,0
"QC","2022-01-14 20:00:00",2020-08-06,133,0,16472,-2,0,0,0,0,0,0,60133,5687,1320082,165,19,50886,0,0,0,0
"QC","2022-01-14 20:00:00",2020-08-07,108,0,18077,-13,0,0,0,0,0,0,60241,5687,1338159,152,19,50886,0,0,0,0
"QC","2022-01-14 20:00:00",2020-08-08,126,5,16650,3,4,0,0,0,0,0,60367,5692,1354809,155,23,50886,0,0,0,0
"QC","2022-01-14 20:00:00",2020-08-09,104,3,14636,1,-1,0,0,0,0,0,60471,5695,1369445,156,22,50886,0,0,0,0
"QC","2022-01-14 20:00:00",2020-08-10,156,1,9305,1,-1,2155,0,0,0,0,60627,5696,1378750,157,21,53041,0,0,0,0
"QC","2022-01-14 20:00:00",2020-08-11,91,1,11649,-6,0,0,0,0,0,0,60718,5697,1390399,151,21,53041,0,0,0,0
"QC","2022-01-14 20:00:00",2020-08-12,95,12,16239,0,-1,229,0,0,0,0,60813,5709,1406638,151,20,53270,0,0,0,0
"QC","2022-01-14 20:00:00",2020-08-13,104,6,17137,-2,3,171,0,0,0,0,60917,5715,1423775,149,23,53441,0,0,0,0
"QC","2022-01-14 20:00:00",2020-08-14,87,3,17890,2,2,157,0,0,0,0,61004,5718,1441665,151,25,53598,0,0,0,0
"QC","2022-01-14 20:00:00",2020-08-15,80,1,15765,-2,0,111,0,0,0,0,61084,5719,1457430,149,25,53709,0,0,0,0
"QC","2022-01-14 20:00:00",2020-08-16,67,1,11809,0,0,138,0,0,0,0,61151,5720,1469239,149,25,53847,0,0,0,0
"QC","2022-01-14 20:00:00",2020-08-17,55,1,9762,-4,0,83,0,0,0,0,61206,5721,1479001,145,25,53930,0,0,0,0
"QC","2022-01-14 20:00:00",2020-08-18,46,6,12276,0,2,153,0,0,0,0,61252,5727,1491277,145,27,54083,0,0,0,0
"QC","2022-01-14 20:00:00",2020-08-19,64,2,15783,1,-1,0,0,0,0,0,61316,5729,1507060,146,26,54083,0,0,0,0
"QC","2022-01-14 20:00:00",2020-08-20,86,1,17062,0,-1,300,0,0,0,0,61402,5730,1524122,146,25,54383,0,0,0,0
"QC","2022-01-14 20:00:00",2020-08-21,93,3,17833,-10,-2,0,0,0,0,0,61495,5733,1541955,136,23,54383,0,0,0,0
"QC","2022-01-14 20:00:00",2020-08-22,104,6,14303,-12,-7,0,0,0,0,0,61599,5739,1556258,124,16,54383,0,0,0,0
"QC","2022-01-14 20:00:00",2020-08-23,74,1,12096,-7,-2,299,0,0,0,0,61673,5740,1568354,117,14,54682,0,0,0,0
"QC","2022-01-14 20:00:00",2020-08-24,68,4,8680,-2,-2,-50,0,0,0,0,61741,5744,1577034,115,12,54632,0,0,0,0
"QC","2022-01-14 20:00:00",2020-08-25,62,2,10773,3,0,218,0,0,0,0,61803,5746,1587807,118,12,54850,0,0,0,0
"QC","2022-01-14 20:00:00",2020-08-26,64,0,15707,-8,0,0,0,0,0,0,61867,5746,1603514,110,12,54850,0,0,0,0
"QC","2022-01-14 20:00:00",2020-08-27,111,3,16197,5,3,158,0,0,0,0,61978,5749,1619711,115,15,55008,0,0,0,0
"QC","2022-01-14 20:00:00",2020-08-28,98,2,16377,2,2,98,0,0,0,0,62076,5751,1636088,117,17,55106,0,0,0,0
"QC","2022-01-14 20:00:00",2020-08-29,156,4,14098,0,0,129,0,0,0,0,62232,5755,1650186,117,17,55235,0,0,0,0
"QC","2022-01-14 20:00:00",2020-08-30,120,3,11861,-1,-1,65,0,0,0,0,62352,5758,1662047,116,16,55300,0,0,0,0
"QC","2022-01-14 20:00:00",2020-08-31,140,2,10236,-4,2,53,0,0,0,0,62492,5760,1672283,112,18,55353,0,0,0,0
"QC","2022-01-14 20:00:00",2020-09-01,122,2,11762,-2,2,85,0,0,0,0,62614,5762,1684045,110,20,55438,0,0,0,0
"QC","2022-01-14 20:00:00",2020-09-02,132,2,15891,-1,0,77,0,0,0,0,62746,5764,1699936,109,20,55515,0,0,0,0
"QC","2022-01-14 20:00:00",2020-09-03,187,1,17166,-9,0,0,0,0,0,0,62933,5765,1717102,100,20,55515,0,0,0,0
"QC","2022-01-14 20:00:00",2020-09-04,184,1,20219,2,-2,209,0,0,0,0,63117,5766,1737321,102,18,55724,0,0,0,0
"QC","2022-01-14 20:00:00",2020-09-05,175,2,17329,-8,-1,86,0,0,0,0,63292,5768,1754650,94,17,55810,0,0,0,0
"QC","2022-01-14 20:00:00",2020-09-06,205,0,14050,8,1,61,0,0,0,0,63497,5768,1768700,102,18,55871,0,0,0,0
"QC","2022-01-14 20:00:00",2020-09-07,216,1,12097,3,0,89,0,0,0,0,63713,5769,1780797,105,18,55960,0,0,0,0
"QC","2022-01-14 20:00:00",2020-09-08,163,0,13663,0,-3,202,0,0,0,0,63876,5769,1794460,105,15,56162,0,0,0,0
"QC","2022-01-14 20:00:00",2020-09-09,180,1,17857,8,-1,238,0,0,0,0,64056,5770,1812317,113,14,56400,0,0,0,0
"QC","2022-01-14 20:00:00",2020-09-10,188,1,22961,6,-2,132,0,0,0,0,64244,5771,1835278,119,12,56532,0,0,0,0
"QC","2022-01-14 20:00:00",2020-09-11,219,3,24857,4,0,311,0,0,0,0,64463,5774,1860135,123,12,56843,0,0,0,0
"QC","2022-01-14 20:00:00",2020-09-12,244,5,22180,2,4,211,0,0,0,0,64707,5779,1882315,125,16,57054,0,0,0,0
"QC","2022-01-14 20:00:00",2020-09-13,279,1,21723,-1,3,214,0,0,0,0,64986,5780,1904038,124,19,57268,0,0,0,0
"QC","2022-01-14 20:00:00",2020-09-14,276,0,18360,0,0,160,0,0,0,0,65262,5780,1922398,124,19,57428,0,0,0,0
"QC","2022-01-14 20:00:00",2020-09-15,292,5,21115,9,4,200,0,0,0,0,65554,5785,1943513,133,23,57628,0,0,0,0
"QC","2022-01-14 20:00:00",2020-09-16,303,3,23823,-3,3,176,0,0,0,0,65857,5788,1967336,130,26,57804,0,0,0,0
"QC","2022-01-14 20:00:00",2020-09-17,499,3,27515,6,3,208,0,0,0,0,66356,5791,1994851,136,29,58012,0,0,0,0
"QC","2022-01-14 20:00:00",2020-09-18,297,1,27165,0,1,206,0,0,0,0,66653,5792,2022016,136,30,58218,0,0,0,0
"QC","2022-01-14 20:00:00",2020-09-19,427,5,30293,-5,1,272,0,0,0,0,67080,5797,2052309,131,31,58490,0,0,0,0
"QC","2022-01-14 20:00:00",2020-09-20,462,5,23090,7,0,306,0,0,0,0,67542,5802,2075399,138,31,58796,0,0,0,0
"QC","2022-01-14 20:00:00",2020-09-21,586,2,22065,10,-1,0,0,0,0,0,68128,5804,2097464,148,30,58796,0,0,0,0
"QC","2022-01-14 20:00:00",2020-09-22,489,1,25634,20,-2,654,0,0,0,0,68617,5805,2123098,168,28,59450,0,0,0,0
"QC","2022-01-14 20:00:00",2020-09-23,471,4,27667,10,2,236,0,0,0,0,69088,5809,2150765,178,30,59686,0,0,0,0
"QC","2022-01-14 20:00:00",2020-09-24,582,1,28523,6,1,257,0,0,0,0,69670,5810,2179288,184,31,59943,0,0,0,0
"QC","2022-01-14 20:00:00",2020-09-25,637,4,30659,15,2,313,0,0,0,0,70307,5814,2209947,199,33,60256,0,0,0,0
"QC","2022-01-14 20:00:00",2020-09-26,698,7,31242,18,12,404,0,0,0,0,71005,5821,2241189,217,45,60660,0,0,0,0
"QC","2022-01-14 20:00:00",2020-09-27,896,4,25842,-1,-4,469,0,0,0,0,71901,5825,2267031,216,41,61129,0,0,0,0
"QC","2022-01-14 20:00:00",2020-09-28,750,1,22718,-4,-4,500,0,0,0,0,72651,5826,2289749,212,37,61629,0,0,0,0
"QC","2022-01-14 20:00:00",2020-09-29,799,7,25763,35,4,466,0,0,0,0,73450,5833,2315512,247,41,62095,0,0,0,0
"QC","2022-01-14 20:00:00",2020-09-30,838,1,30549,15,2,469,0,0,0,0,74288,5834,2346061,262,43,62564,0,0,0,0
"QC","2022-01-14 20:00:00",2020-10-01,933,16,31442,13,3,580,0,0,0,0,75221,5850,2377503,275,46,63144,0,0,0,0
"QC","2022-01-14 20:00:00",2020-10-02,1052,7,30762,27,3,539,0,0,0,0,76273,5857,2408265,302,49,63683,0,0,0,0
"QC","2022-01-14 20:00:00",2020-10-03,1107,10,30620,24,11,795,0,0,0,0,77380,5867,2438885,326,60,64478,0,0,0,0
"QC","2022-01-14 20:00:00",2020-10-04,1079,10,27184,8,4,826,0,0,0,0,78459,5877,2466069,334,64,65304,0,0,0,0
"QC","2022-01-14 20:00:00",2020-10-05,1191,5,21685,27,-2,876,0,0,0,0,79650,5882,2487754,361,62,66180,0,0,0,0
"QC","2022-01-14 20:00:00",2020-10-06,1364,17,24124,36,5,853,0,0,0,0,81014,5899,2511878,397,67,67033,0,0,0,0
"QC","2022-01-14 20:00:00",2020-10-07,900,7,30086,12,-5,702,0,0,0,0,81914,5906,2541964,409,62,67735,0,0,0,0
"QC","2022-01-14 20:00:00",2020-10-08,1078,9,29573,16,6,0,0,0,0,0,82992,5915,2571537,425,68,67735,0,0,0,0
"QC","2022-01-14 20:00:00",2020-10-09,1102,21,31480,8,-1,0,0,0,0,0,84094,5936,2603017,433,67,67735,0,0,0,0
"QC","2022-01-14 20:00:00",2020-10-10,1097,14,26886,11,6,2961,0,0,0,0,85191,5950,2629903,444,73,70696,0,0,0,0
"QC","2022-01-14 20:00:00",2020-10-11,942,3,21808,-7,-1,1143,0,0,0,0,86133,5953,2651711,437,72,71839,0,0,0,0
"QC","2022-01-14 20:00:00",2020-10-12,843,11,19646,20,3,1018,0,0,0,0,86976,5964,2671357,457,75,72857,0,0,0,0
"QC","2022-01-14 20:00:00",2020-10-13,815,5,18943,11,10,877,0,0,0,0,87791,5969,2690300,468,85,73734,0,0,0,0
"QC","2022-01-14 20:00:00",2020-10-14,1203,7,23386,20,-5,749,0,0,0,0,88994,5976,2713686,488,80,74483,0,0,0,0
"QC","2022-01-14 20:00:00",2020-10-15,969,29,29784,5,3,984,0,0,0,0,89963,6005,2743470,493,83,75467,0,0,0,0
"QC","2022-01-14 20:00:00",2020-10-16,1055,12,28028,14,4,1045,0,0,0,0,91018,6017,2771498,507,87,76512,0,0,0,0
"QC","2022-01-14 20:00:00",2020-10-17,1279,14,24287,10,-2,1090,0,0,0,0,92297,6031,2795785,517,85,77602,0,0,0,0
"QC","2022-01-14 20:00:00",2020-10-18,1094,6,20595,10,3,957,0,0,0,0,93391,6037,2816380,527,88,78559,0,0,0,0
"QC","2022-01-14 20:00:00",2020-10-19,1038,6,17932,5,4,970,0,0,0,0,94429,6043,2834312,532,92,79529,0,0,0,0
"QC","2022-01-14 20:00:00",2020-10-20,787,12,20202,33,8,939,0,0,0,0,95216,6055,2854514,565,100,80468,0,0,0,0
"QC","2022-01-14 20:00:00",2020-10-21,1072,19,26379,0,-6,799,0,0,0,0,96288,6074,2880893,565,94,81267,0,0,0,0
"QC","2022-01-14 20:00:00",2020-10-22,1033,20,26288,-12,7,766,0,0,0,0,97321,6094,2907181,553,101,82033,0,0,0,0
"QC","2022-01-14 20:00:00",2020-10-23,905,12,26581,-13,-2,759,0,0,0,0,98226,6106,2933762,540,99,82792,0,0,0,0
"QC","2022-01-14 20:00:00",2020-10-24,1009,26,26032,9,-6,1027,0,0,0,0,99235,6132,2959794,549,93,83819,0,0,0,0
"QC","2022-01-14 20:00:00",2020-10-25,879,11,21007,2,4,1009,0,0,0,0,100114,6143,2980801,551,97,84828,0,0,0,0
"QC","2022-01-14 20:00:00",2020-10-26,808,10,18578,-8,-4,994,0,0,0,0,100922,6153,2999379,543,93,85822,0,0,0,0
"QC","2022-01-14 20:00:00",2020-10-27,963,19,19614,-16,-2,964,0,0,0,0,101885,6172,3018993,527,91,86786,0,0,0,0
"QC","2022-01-14 20:00:00",2020-10-28,929,17,27010,-1,-2,852,0,0,0,0,102814,6189,3046003,526,89,87638,0,0,0,0
"QC","2022-01-14 20:00:00",2020-10-29,1030,25,26642,-17,-11,804,0,0,0,0,103844,6214,3072645,509,78,88442,0,0,0,0
"QC","2022-01-14 20:00:00",2020-10-30,1108,17,27993,6,3,1150,0,0,0,0,104952,6231,3100638,515,81,89592,0,0,0,0
"QC","2022-01-14 20:00:00",2020-10-31,1064,15,25279,-12,1,984,0,0,0,0,106016,6246,3125917,503,82,90576,0,0,0,0
"QC","2022-01-14 20:00:00",2020-11-01,965,25,22487,-7,2,912,0,0,0,0,106981,6271,3148404,496,84,91488,0,0,0,0
"QC","2022-01-14 20:00:00",2020-11-02,1037,12,17057,3,-3,908,0,0,0,0,108018,6283,3165461,499,81,92396,0,0,0,0
"QC","2022-01-14 20:00:00",2020-11-03,871,34,19597,27,4,920,0,0,0,0,108889,6317,3185058,526,85,93316,0,0,0,0
"QC","2022-01-14 20:00:00",2020-11-04,1029,33,25563,13,-4,785,0,0,0,0,109918,6350,3210621,539,81,94101,0,0,0,0
"QC","2022-01-14 20:00:00",2020-11-05,1138,28,28925,-1,1,783,0,0,0,0,111056,6378,3239546,538,82,94884,0,0,0,0
"QC","2022-01-14 20:00:00",2020-11-06,1133,24,29776,1,-5,1072,0,0,0,0,112189,6402,3269322,539,77,95956,0,0,0,0
"QC","2022-01-14 20:00:00",2020-11-07,1234,29,26951,-16,1,875,0,0,0,0,113423,6431,3296273,523,78,96831,0,0,0,0
"QC","2022-01-14 20:00:00",2020-11-08,1397,9,21884,4,-1,958,0,0,0,0,114820,6440,3318157,527,77,97789,0,0,0,0
"QC","2022-01-14 20:00:00",2020-11-09,1169,15,19848,13,-1,951,0,0,0,0,115989,6455,3338005,540,76,98740,0,0,0,0
"QC","2022-01-14 20:00:00",2020-11-10,1162,38,21851,-6,6,981,0,0,0,0,117151,6493,3359856,534,82,99721,0,0,0,0
"QC","2022-01-14 20:00:00",2020-11-11,1378,22,28078,39,2,843,0,0,0,0,118529,6515,3387934,573,84,100564,0,0,0,0
"QC","2022-01-14 20:00:00",2020-11-12,1365,42,28916,10,2,843,0,0,0,0,119894,6557,3416850,583,86,101407,0,0,0,0
"QC","2022-01-14 20:00:00",2020-11-13,1301,29,29846,0,-1,1162,0,0,0,0,121195,6586,3446696,583,85,102569,0,0,0,0
"QC","2022-01-14 20:00:00",2020-11-14,1448,25,29512,0,-3,1099,0,0,0,0,122643,6611,3476208,583,82,103668,0,0,0,0
"QC","2022-01-14 20:00:00",2020-11-15,1211,15,26864,4,7,1180,0,0,0,0,123854,6626,3503072,587,89,104848,0,0,0,0
"QC","2022-01-14 20:00:00",2020-11-16,1218,25,21685,4,-2,1150,0,0,0,0,125072,6651,3524757,591,87,105998,0,0,0,0
"QC","2022-01-14 20:00:00",2020-11-17,982,24,23289,47,13,1328,0,0,0,0,126054,6675,3548046,638,100,107326,0,0,0,0
"QC","2022-01-14 20:00:00",2020-11-18,1179,35,30045,14,0,1299,0,0,0,0,127233,6710,3578091,652,100,108625,0,0,0,0
"QC","2022-01-14 20:00:00",2020-11-19,1207,34,33422,-1,1,1175,0,0,0,0,128440,6744,3611513,651,101,109800,0,0,0,0
"QC","2022-01-14 20:00:00",2020-11-20,1259,30,31696,-27,-5,1526,0,0,0,0,129699,6774,3643209,624,96,111326,0,0,0,0
"QC","2022-01-14 20:00:00",2020-11-21,1189,32,31469,22,3,1408,0,0,0,0,130888,6806,3674678,646,99,112734,0,0,0,0
"QC","2022-01-14 20:00:00",2020-11-22,1154,23,26091,-4,4,1351,0,0,0,0,132042,6829,3700769,642,103,114085,0,0,0,0
"QC","2022-01-14 20:00:00",2020-11-23,1164,13,21378,-8,-5,1282,0,0,0,0,133206,6842,3722147,634,98,115367,0,0,0,0
"QC","2022-01-14 20:00:00",2020-11-24,1124,45,21697,21,-2,1257,0,0,0,0,134330,6887,3743844,655,96,116624,0,0,0,0
"QC","2022-01-14 20:00:00",2020-11-25,1100,28,31323,0,-3,927,0,0,0,0,135430,6915,3775167,655,93,117551,0,0,0,0
"QC","2022-01-14 20:00:00",2020-11-26,1464,32,32144,20,-3,940,0,0,0,0,136894,6947,3807311,675,90,118491,0,0,0,0
"QC","2022-01-14 20:00:00",2020-11-27,1269,37,31484,-6,0,1236,0,0,0,0,138163,6984,3838795,669,90,119727,0,0,0,0
"QC","2022-01-14 20:00:00",2020-11-28,1480,37,28679,9,3,1179,0,0,0,0,139643,7021,3867474,678,93,120906,0,0,0,0
"QC","2022-01-14 20:00:00",2020-11-29,1395,12,24064,-13,-1,1108,0,0,0,0,141038,7033,3891538,665,92,122014,0,0,0,0
"QC","2022-01-14 20:00:00",2020-11-30,1333,23,21555,28,2,1163,0,0,0,0,142371,7056,3913093,693,94,123177,0,0,0,0
"QC","2022-01-14 20:00:00",2020-12-01,1177,28,24081,26,4,1023,0,0,0,0,143548,7084,3937174,719,98,124200,0,0,0,0
"QC","2022-01-14 20:00:00",2020-12-02,1514,41,33469,21,1,997,0,0,0,0,145062,7125,3970643,740,99,125197,0,0,0,0
"QC","2022-01-14 20:00:00",2020-12-03,1470,30,33582,-3,0,982,0,0,0,0,146532,7155,4004225,737,99,126179,0,0,0,0
"QC","2022-01-14 20:00:00",2020-12-04,1345,28,36097,24,-2,1370,0,0,0,0,147877,7183,4040322,761,97,127549,0,0,0,0
"QC","2022-01-14 20:00:00",2020-12-05,2031,48,30974,-7,-1,1279,0,0,0,0,149908,7231,4071296,754,96,128828,0,0,0,0
"QC","2022-01-14 20:00:00",2020-12-06,1691,24,31206,24,6,1190,0,0,0,0,151599,7255,4102502,778,102,130018,0,0,0,0
"QC","2022-01-14 20:00:00",2020-12-07,1577,22,25279,40,3,1279,0,0,0,0,153176,7277,4127781,818,105,131297,0,0,0,0
"QC","2022-01-14 20:00:00",2020-12-08,1564,36,27674,17,9,1276,0,0,0,0,154740,7313,4155455,835,114,132573,0,0,0,0
"QC","2022-01-14 20:00:00",2020-12-09,1728,36,34484,9,7,1119,0,0,0,0,156468,7349,4189939,844,121,133692,0,0,0,0
"QC","2022-01-14 20:00:00",2020-12-10,1842,33,36265,4,-8,1218,0,0,0,0,158310,7382,4226204,848,113,134910,0,0,0,0
"QC","2022-01-14 20:00:00",2020-12-11,1713,53,38716,23,10,1736,0,0,0,0,160023,7435,4264920,871,123,136646,0,0,0,0
"QC","2022-01-14 20:00:00",2020-12-12,1898,40,38662,-11,6,1624,0,0,0,0,161921,7475,4303582,860,129,138270,0,0,0,0
"QC","2022-01-14 20:00:00",2020-12-13,1994,33,32572,20,-6,1580,0,0,0,0,163915,7508,4336154,880,123,139850,0,0,0,0
"QC","2022-01-14 20:00:00",2020-12-14,1620,25,25552,10,-1,1495,0,0,0,4875,165535,7533,4361706,890,122,141345,0,0,0,4875
"QC","2022-01-14 20:00:00",2020-12-15,1741,38,30984,69,3,1549,296,0,0,0,167276,7571,4392690,959,125,142894,296,0,0,4875
"QC","2022-01-14 20:00:00",2020-12-16,1897,42,38352,16,3,1274,1185,0,0,0,169173,7613,4431042,975,128,144168,1481,0,0,4875
"QC","2022-01-14 20:00:00",2020-12-17,1855,22,37128,27,6,1364,973,0,0,0,171028,7635,4468170,1002,134,145532,2454,0,0,4875
"QC","2022-01-14 20:00:00",2020-12-18,1773,36,39721,9,7,1866,938,0,0,0,172801,7671,4507891,1011,141,147398,3392,0,0,4875
"QC","2022-01-14 20:00:00",2020-12-19,2038,44,36362,-6,1,1847,761,0,0,0,174839,7715,4544253,1005,142,149245,4153,0,0,4875
"QC","2022-01-14 20:00:00",2020-12-20,2146,21,32116,5,4,1799,731,0,0,0,176985,7736,4576369,1010,146,151044,4884,0,0,4875
"QC","2022-01-14 20:00:00",2020-12-21,2108,30,27322,38,0,1825,129,0,0,50000,179093,7766,4603691,1048,146,152869,5013,0,0,54875
"QC","2022-01-14 20:00:00",2020-12-22,2183,28,33046,7,-9,1804,548,0,0,0,181276,7794,4636737,1055,137,154673,5561,0,0,54875
"QC","2022-01-14 20:00:00",2020-12-23,2247,73,36991,12,5,1602,2082,0,0,0,183523,7867,4673728,1067,142,156275,7643,0,0,54875
"QC","2022-01-14 20:00:00",2020-12-24,2349,46,40024,-15,4,1926,3828,0,0,0,185872,7913,4713752,1052,146,158201,11471,0,0,54875
"QC","2022-01-14 20:00:00",2020-12-25,2246,0,32837,0,0,0,3046,0,0,0,188118,7913,4746589,1052,146,158201,14517,0,0,54875
"QC","2022-01-14 20:00:00",2020-12-26,2246,0,25009,0,0,0,15,0,0,0,190364,7913,4771598,1052,146,158201,14532,0,0,54875
"QC","2022-01-14 20:00:00",2020-12-27,2291,110,19679,33,3,5962,3138,0,0,0,192655,8023,4791277,1085,149,164163,17670,0,0,54875
"QC","2022-01-14 20:00:00",2020-12-28,2265,37,20377,39,1,1903,2305,0,0,0,194920,8060,4811654,1124,150,166066,19975,0,0,54875
"QC","2022-01-14 20:00:00",2020-12-29,2381,64,26114,7,-2,1995,2562,1,0,0,197301,8124,4837768,1131,148,168061,22537,1,0,54875
"QC","2022-01-14 20:00:00",2020-12-30,2511,41,36496,80,4,1984,2450,0,0,0,199812,8165,4874264,1211,152,170045,24987,1,0,54875
"QC","2022-01-14 20:00:00",2020-12-31,2819,61,36092,-36,13,2002,3159,0,0,0,202631,8226,4910356,1175,165,172047,28146,1,0,54875
"QC","2022-01-14 20:00:00",2021-01-01,2808,0,30196,0,0,0,404,0,0,33200,205439,8226,4940552,1175,165,172047,28550,1,0,88075
"QC","2022-01-14 20:00:00",2021-01-02,1986,0,23471,0,0,0,71,0,0,0,207425,8226,4964023,1175,165,172047,28621,1,0,88075
"QC","2022-01-14 20:00:00",2021-01-03,2879,121,21865,50,14,0,696,0,0,0,210304,8347,4985888,1225,179,172047,29317,1,0,88075
"QC","2022-01-14 20:00:00",2021-01-04,2546,32,21620,69,9,9158,1609,0,0,0,212850,8379,5007508,1294,188,181205,30926,1,0,88075
"QC","2022-01-14 20:00:00",2021-01-05,2508,62,28487,23,6,1397,2876,2,0,0,215358,8441,5035995,1317,194,182602,33802,3,0,88075
"QC","2022-01-14 20:00:00",2021-01-06,2641,47,36519,76,8,2302,6135,9,0,0,217999,8488,5072514,1393,202,184904,39937,12,0,88075
"QC","2022-01-14 20:00:00",2021-01-07,2519,74,39258,-13,0,2092,10988,23,0,0,220518,8562,5111772,1380,202,186996,50925,35,0,88075
"QC","2022-01-14 20:00:00",2021-01-08,2588,44,38620,23,5,2941,13998,30,0,27300,223106,8606,5150392,1403,207,189937,64923,65,0,115375
"QC","2022-01-14 20:00:00",2021-01-09,3127,41,35547,-11,-1,3042,13703,32,0,0,226233,8647,5185939,1392,206,192979,78626,97,0,115375
"QC","2022-01-14 20:00:00",2021-01-10,2588,38,28839,-12,-3,2684,8963,10,0,0,228821,8685,5214778,1380,203,195663,87589,107,0,115375
"QC","2022-01-14 20:00:00",2021-01-11,1869,51,25858,56,8,2275,7224,6,0,0,230690,8736,5240636,1436,211,197938,94813,113,0,115375
"QC","2022-01-14 20:00:00",2021-01-12,1934,46,28528,61,10,1982,7594,22,0,0,232624,8782,5269164,1497,221,199920,102407,135,0,115375
"QC","2022-01-14 20:00:00",2021-01-13,2071,33,35797,19,8,2246,8237,20,0,40950,234695,8815,5304961,1516,229,202166,110644,155,0,156325
"QC","2022-01-14 20:00:00",2021-01-14,2132,63,38932,7,1,2575,9418,22,0,5850,236827,8878,5343893,1523,230,204741,120062,177,0,162175
"QC","2022-01-14 20:00:00",2021-01-15,1918,60,37291,-27,1,3193,12194,29,0,0,238745,8938,5381184,1496,231,207934,132256,206,0,162175
"QC","2022-01-14 20:00:00",2021-01-16,2225,67,35727,-22,-4,2430,11566,60,0,10610,240970,9005,5416911,1474,227,210364,143822,266,0,172785
"QC","2022-01-14 20:00:00",2021-01-17,1744,50,28594,-14,-12,2644,8761,65,0,23390,242714,9055,5445505,1460,215,213008,152583,331,0,196175
"QC","2022-01-14 20:00:00",2021-01-18,1634,32,22472,31,2,2317,7220,11,0,0,244348,9087,5467977,1491,217,215325,159803,342,0,196175
"QC","2022-01-14 20:00:00",2021-01-19,1386,55,25104,9,-5,2250,10929,47,0,24375,245734,9142,5493081,1500,212,217575,170732,389,0,220550
"QC","2022-01-14 20:00:00",2021-01-20,1502,66,35209,-33,4,2017,10747,31,0,16575,247236,9208,5528290,1467,216,219592,181479,420,0,237125
"QC","2022-01-14 20:00:00",2021-01-21,1624,65,37072,-14,0,1735,12095,29,0,975,248860,9273,5565362,1453,216,221327,193574,449,0,238100
"QC","2022-01-14 20:00:00",2021-01-22,1631,88,39191,-27,-4,2040,14545,87,0,0,250491,9361,5604553,1426,212,223367,208119,536,0,238100
"QC","2022-01-14 20:00:00",2021-01-23,1685,76,35042,-43,4,1878,12265,66,0,0,252176,9437,5639595,1383,216,225245,220384,602,0,238100
"QC","2022-01-14 20:00:00",2021-01-24,1457,41,28669,-56,3,1970,8646,14,0,0,253633,9478,5668264,1327,219,227215,229030,616,0,238100
"QC","2022-01-14 20:00:00",2021-01-25,1203,43,21835,-6,-2,1672,2175,23,0,0,254836,9521,5690099,1321,217,228887,231205,639,0,238100
"QC","2022-01-14 20:00:00",2021-01-26,1166,56,28081,3,0,1916,4734,46,0,0,256002,9577,5718180,1324,217,230803,235939,685,0,238100
"QC","2022-01-14 20:00:00",2021-01-27,1328,53,36075,-34,4,1418,4462,158,0,0,257330,9630,5754255,1290,221,232221,240401,843,0,238100
"QC","2022-01-14 20:00:00",2021-01-28,1368,37,37303,-26,-9,1547,4122,163,0,0,258698,9667,5791558,1264,212,233768,244523,1006,0,238100
"QC","2022-01-14 20:00:00",2021-01-29,1295,50,35428,-47,-3,1748,3720,199,0,0,259993,9717,5826986,1217,209,235516,248243,1205,0,238100
"QC","2022-01-14 20:00:00",2021-01-30,1367,46,33039,-54,-8,1572,2597,173,0,0,261360,9763,5860025,1163,201,237088,250840,1378,0,238100
"QC","2022-01-14 20:00:00",2021-01-31,1223,31,27329,-27,-10,1560,802,164,0,0,262583,9794,5887354,1136,191,238648,251642,1542,0,238100
"QC","2022-01-14 20:00:00",2021-02-01,890,32,22387,8,-8,1435,982,144,0,0,263473,9826,5909741,1144,183,240083,252624,1686,0,238100
"QC","2022-01-14 20:00:00",2021-02-02,1053,36,26978,-34,-5,1454,690,160,0,18525,264526,9862,5936719,1110,178,241537,253314,1846,0,256625
"QC","2022-01-14 20:00:00",2021-02-03,1053,37,35094,-4,-1,1155,1124,283,0,0,265579,9899,5971813,1106,177,242692,254438,2129,0,256625
"QC","2022-01-14 20:00:00",2021-02-04,1093,42,32935,-36,-2,1077,3354,231,0,0,266672,9941,6004748,1070,175,243769,257792,2360,0,256625
"QC","2022-01-14 20:00:00",2021-02-05,1101,32,34315,-30,-7,1570,5473,242,0,0,267773,9973,6039063,1040,168,245339,263265,2602,0,256625
"QC","2022-01-14 20:00:00",2021-02-06,1204,26,33777,-58,-9,1356,5471,269,0,38200,268977,9999,6072840,982,159,246695,268736,2871,0,294825
"QC","2022-01-14 20:00:00",2021-02-07,1081,32,24529,-19,-1,1417,3579,185,0,0,270058,10031,6097369,963,158,248112,272315,3056,0,294825
"QC","2022-01-14 20:00:00",2021-02-08,853,15,19827,6,2,1249,2573,92,0,0,270911,10046,6117196,969,160,249361,274888,3148,0,294825
"QC","2022-01-14 20:00:00",2021-02-09,826,32,25318,-29,-15,1291,3951,325,0,0,271737,10078,6142514,940,145,250652,278839,3473,0,294825
"QC","2022-01-14 20:00:00",2021-02-10,989,34,33653,-22,3,968,4303,483,0,15600,272726,10112,6176167,918,148,251620,283142,3956,0,310425
"QC","2022-01-14 20:00:00",2021-02-11,1121,37,33188,-44,-5,1031,6744,729,3,0,273847,10149,6209355,874,143,252651,289886,4685,3,310425
"QC","2022-01-14 20:00:00",2021-02-12,984,24,34395,-25,-6,1350,10824,847,2,0,274831,10173,6243750,849,137,254001,300710,5532,5,310425
"QC","2022-01-14 20:00:00",2021-02-13,1049,28,30749,-37,-7,1145,10803,371,0,0,275880,10201,6274499,812,130,255146,311513,5903,5,310425
"QC","2022-01-14 20:00:00",2021-02-14,910,13,24295,-7,2,1124,1936,162,0,0,276790,10214,6298794,805,132,256270,313449,6065,5,310425
"QC","2022-01-14 20:00:00",2021-02-15,728,15,19063,-1,4,1164,1104,66,0,0,277518,10229,6317857,804,136,257434,314553,6131,5,310425
"QC","2022-01-14 20:00:00",2021-02-16,669,17,25819,-33,-2,1108,3346,190,0,0,278187,10246,6343676,771,134,258542,317899,6321,5,310425
"QC","2022-01-14 20:00:00",2021-02-17,800,12,31558,-5,-4,874,2367,261,0,91260,278987,10258,6375234,766,130,259416,320266,6582,5,401685
"QC","2022-01-14 20:00:00",2021-02-18,900,6,30126,-19,-1,829,3091,254,0,0,279887,10264,6405360,747,129,260245,323357,6836,5,401685
"QC","2022-01-14 20:00:00",2021-02-19,800,14,33068,-24,-2,1184,12379,285,2,0,280687,10278,6438428,723,127,261429,335736,7121,7,401685
"QC","2022-01-14 20:00:00",2021-02-20,769,14,27518,-23,-7,1077,18976,326,4,0,281456,10292,6465946,700,120,262506,354712,7447,11,401685
"QC","2022-01-14 20:00:00",2021-02-21,666,15,22701,-14,-1,1031,15180,131,1,0,282122,10307,6488647,686,119,263537,369892,7578,12,401685
"QC","2022-01-14 20:00:00",2021-02-22,805,11,19081,3,-2,960,9450,104,1,0,282927,10318,6507728,689,117,264497,379342,7682,13,401685
"QC","2022-01-14 20:00:00",2021-02-23,739,12,23554,-9,3,959,12423,250,0,107640,283666,10330,6531282,680,120,265456,391765,7932,13,509325
"QC","2022-01-14 20:00:00",2021-02-24,806,16,34181,-25,10,682,11226,264,0,0,284472,10346,6565463,655,130,266138,402991,8196,13,509325
"QC","2022-01-14 20:00:00",2021-02-25,858,15,34787,-22,-8,741,10384,261,0,0,285330,10361,6600250,633,122,266879,413375,8457,13,509325
"QC","2022-01-14 20:00:00",2021-02-26,815,11,32233,-13,-3,1006,14840,264,0,28500,286145,10372,6632483,620,119,267885,428215,8721,13,537825
"QC","2022-01-14 20:00:00",2021-02-27,858,13,30695,-21,-7,760,17920,193,0,0,287003,10385,6663178,599,112,268645,446135,8914,13,537825
"QC","2022-01-14 20:00:00",2021-02-28,737,8,23795,2,5,885,13403,145,0,0,287740,10393,6686973,601,117,269530,459538,9059,13,537825
"QC","2022-01-14 20:00:00",2021-03-01,613,6,19073,11,5,834,7063,136,0,0,288353,10399,6706046,612,122,270364,466601,9195,13,537825
"QC","2022-01-14 20:00:00",2021-03-02,588,8,21811,16,-1,792,19038,159,0,0,288941,10407,6727857,628,121,271156,485639,9354,13,537825
"QC","2022-01-14 20:00:00",2021-03-03,729,19,28595,-10,-1,752,18517,302,0,100620,289670,10426,6756452,618,120,271908,504156,9656,13,638445
"QC","2022-01-14 20:00:00",2021-03-04,707,19,27933,8,-5,645,19290,312,0,0,290377,10445,6784385,626,115,272553,523446,9968,13,638445
"QC","2022-01-14 20:00:00",2021-03-05,798,10,28566,-9,-4,877,20128,198,0,0,291175,10455,6812951,617,111,273430,543574,10166,13,638445
"QC","2022-01-14 20:00:00",2021-03-06,749,10,25978,-16,-2,815,21055,243,0,0,291924,10465,6838929,601,109,274245,564629,10409,13,638445
"QC","2022-01-14 20:00:00",2021-03-07,707,7,22372,-9,-2,814,16235,138,0,0,292631,10472,6861301,592,107,275059,580864,10547,13,638445
"QC","2022-01-14 20:00:00",2021-03-08,579,9,18483,-2,1,737,16070,118,0,0,293210,10481,6879784,590,108,275796,596934,10665,13,638445
"QC","2022-01-14 20:00:00",2021-03-09,650,12,22398,-14,2,806,17782,589,2,100620,293860,10493,6902182,576,110,276602,614716,11254,15,739065
"QC","2022-01-14 20:00:00",2021-03-10,792,10,29655,5,2,583,19653,792,0,113000,294652,10503,6931837,581,112,277185,634369,12046,15,852065
"QC","2022-01-14 20:00:00",2021-03-11,738,15,29175,-18,-1,553,20549,998,0,0,295390,10518,6961012,563,111,277738,654918,13044,15,852065
"QC","2022-01-14 20:00:00",2021-03-12,753,8,29507,-13,-5,751,31039,553,0,0,296143,10526,6990519,550,106,278489,685957,13597,15,852065
"QC","2022-01-14 20:00:00",2021-03-13,775,9,28466,1,0,741,35384,488,2,96500,296918,10535,7018985,551,106,279230,721341,14085,17,948565
"QC","2022-01-14 20:00:00",2021-03-14,674,5,23159,-4,-6,800,34744,149,0,0,297592,10540,7042144,547,100,280030,756085,14234,17,948565
"QC","2022-01-14 20:00:00",2021-03-15,594,10,18232,6,-4,725,28958,87,0,0,298186,10550,7060376,553,96,280755,785043,14321,17,948565
"QC","2022-01-14 20:00:00",2021-03-16,561,8,23432,-20,-5,681,31479,272,1,101790,298747,10558,7083808,533,91,281436,816522,14593,18,1050355
"QC","2022-01-14 20:00:00",2021-03-17,703,12,31945,-1,16,611,31220,303,1,0,299450,10570,7115753,532,107,282047,847742,14896,19,1050355
"QC","2022-01-14 20:00:00",2021-03-18,702,6,33670,-13,-6,646,28617,221,0,0,300152,10576,7149423,519,101,282693,876359,15117,19,1050355
"QC","2022-01-14 20:00:00",2021-03-19,764,11,32943,-15,-2,785,41468,390,0,0,300916,10587,7182366,504,99,283478,917827,15507,19,1050355
"QC","2022-01-14 20:00:00",2021-03-20,775,7,31995,1,0,725,43221,199,1,0,301691,10594,7214361,505,99,284203,961048,15706,20,1050355
"QC","2022-01-14 20:00:00",2021-03-21,648,5,24609,-4,3,737,29419,127,0,0,302339,10599,7238970,501,102,284940,990467,15833,20,1050355
"QC","2022-01-14 20:00:00",2021-03-22,712,15,21447,12,12,742,21839,99,0,0,303051,10614,7260417,513,114,285682,1012306,15932,20,1050355
"QC","2022-01-14 20:00:00",2021-03-23,656,4,25675,6,-1,665,27673,211,1,245700,303707,10618,7286092,519,113,286347,1039979,16143,21,1296055
"QC","2022-01-14 20:00:00",2021-03-24,783,8,35129,-11,5,599,34166,203,1,25740,304490,10626,7321221,508,118,286946,1074145,16346,22,1321795
"QC","2022-01-14 20:00:00",2021-03-25,945,4,39663,-12,-1,686,42161,252,0,50778,305435,10630,7360884,496,117,287632,1116306,16598,22,1372573
"QC","2022-01-14 20:00:00",2021-03-26,950,7,35960,-15,-2,752,56858,262,0,7722,306385,10637,7396844,481,115,288384,1173164,16860,22,1380295
"QC","2022-01-14 20:00:00",2021-03-27,1009,8,33671,0,-7,748,55572,352,1,0,307394,10645,7430515,481,108,289132,1228736,17212,23,1380295
"QC","2022-01-14 20:00:00",2021-03-28,917,2,26993,-1,6,695,46842,216,0,0,308311,10647,7457508,480,114,289827,1275578,17428,23,1380295
"QC","2022-01-14 20:00:00",2021-03-29,891,4,24804,-3,6,737,39656,197,0,0,309202,10651,7482312,477,120,290564,1315234,17625,23,1380295
"QC","2022-01-14 20:00:00",2021-03-30,864,7,31079,10,6,726,44907,407,0,173160,310066,10658,7513391,487,126,291290,1360141,18032,23,1553455
"QC","2022-01-14 20:00:00",2021-03-31,1025,9,40181,-2,-6,616,44263,557,0,99450,311091,10667,7553572,485,120,291906,1404404,18589,23,1652905
"QC","2022-01-14 20:00:00",2021-04-01,1271,9,41490,2,-1,742,43051,502,1,0,312362,10676,7595062,487,119,292648,1447455,19091,24,1652905
"QC","2022-01-14 20:00:00",2021-04-02,1314,5,39493,16,2,919,50457,422,0,339600,313676,10681,7634555,503,121,293567,1497912,19513,24,1992505
"QC","2022-01-14 20:00:00",2021-04-03,1282,3,37296,-2,3,993,48293,463,2,0,314958,10684,7671851,501,124,294560,1546205,19976,26,1992505
"QC","2022-01-14 20:00:00",2021-04-04,1154,9,29439,1,4,893,42099,287,1,135100,316112,10693,7701290,502,128,295453,1588304,20263,27,2127605
"QC","2022-01-14 20:00:00",2021-04-05,1252,4,26511,1,-5,943,23060,148,0,193102,317364,10697,7727801,503,123,296396,1611364,20411,27,2320707
"QC","2022-01-14 20:00:00",2021-04-06,1168,4,29871,11,-2,988,41233,486,1,13988,318532,10701,7757672,514,121,297384,1652597,20897,28,2334695
"QC","2022-01-14 20:00:00",2021-04-07,1270,8,39323,29,2,914,45363,1987,0,23400,319802,10709,7796995,543,123,298298,1697960,22884,28,2358095
"QC","2022-01-14 20:00:00",2021-04-08,1609,9,45432,23,9,943,49462,2588,0,0,321411,10718,7842427,566,132,299241,1747422,25472,28,2358095
"QC","2022-01-14 20:00:00",2021-04-09,1683,8,50185,3,2,1230,72229,3955,0,0,323094,10726,7892612,569,134,300471,1819651,29427,28,2358095
"QC","2022-01-14 20:00:00",2021-04-10,1754,11,39836,14,4,1269,76746,3068,0,71600,324848,10737,7932448,583,138,301740,1896397,32495,28,2429695
"QC","2022-01-14 20:00:00",2021-04-11,1535,5,36631,25,1,1299,62664,1984,1,0,326383,10742,7969079,608,139,303039,1959061,34479,29,2429695
"QC","2022-01-14 20:00:00",2021-04-12,1599,2,29600,22,3,1228,56473,869,1,0,327982,10744,7998679,630,142,304267,2015534,35348,30,2429695
"QC","2022-01-14 20:00:00",2021-04-13,1490,12,34863,13,8,1196,61064,1456,1,210572,329472,10756,8033542,643,150,305463,2076598,36804,31,2640267
"QC","2022-01-14 20:00:00",2021-04-14,1559,7,42876,17,2,1145,71664,2207,1,19918,331031,10763,8076418,660,152,306608,2148262,39011,32,2660185
"QC","2022-01-14 20:00:00",2021-04-15,1513,15,46418,1,7,1140,72141,2927,0,173972,332544,10778,8122836,661,159,307748,2220403,41938,32,2834157
"QC","2022-01-14 20:00:00",2021-04-16,1527,7,46360,3,8,1597,79029,2994,2,2328,334071,10785,8169196,664,167,309345,2299432,44932,34,2836485
"QC","2022-01-14 20:00:00",2021-04-17,1537,8,41179,28,8,1702,74928,3017,0,0,335608,10793,8210375,692,175,311047,2374360,47949,34,2836485
"QC","2022-01-14 20:00:00",2021-04-18,1344,9,33967,-9,0,1654,61401,3505,1,0,336952,10802,8244342,683,175,312701,2435761,51454,35,2836485
"QC","2022-01-14 20:00:00",2021-04-19,1092,14,27653,3,8,1675,41668,1535,2,0,338044,10816,8271995,686,183,314376,2477429,52989,37,2836485
"QC","2022-01-14 20:00:00",2021-04-20,1136,17,32975,8,-6,1608,49912,2347,1,205920,339180,10833,8304970,694,177,315984,2527341,55336,38,3042405
"QC","2022-01-14 20:00:00",2021-04-21,1217,5,42157,22,1,1354,57292,3439,3,24564,340397,10838,8347127,716,178,317338,2584633,58775,41,3066969
"QC","2022-01-14 20:00:00",2021-04-22,1248,7,43535,-5,-4,1338,90116,5037,2,0,341645,10845,8390662,711,174,318676,2674749,63812,43,3066969
"QC","2022-01-14 20:00:00",2021-04-23,1043,15,43205,-27,-2,1626,91873,4210,6,0,342688,10860,8433867,684,172,320302,2766622,68022,49,3066969
"QC","2022-01-14 20:00:00",2021-04-24,1106,9,39814,-22,9,1365,86725,4471,2,0,343794,10869,8473681,662,181,321667,2853347,72493,51,3066969
"QC","2022-01-14 20:00:00",2021-04-25,1014,9,31689,-8,-16,1419,65491,3381,1,0,344808,10878,8505370,654,165,323086,2918838,75874,52,3066969
"QC","2022-01-14 20:00:00",2021-04-26,889,8,27272,10,2,1355,42822,2168,3,0,345697,10886,8532642,664,167,324441,2961660,78042,55,3066969
"QC","2022-01-14 20:00:00",2021-04-27,899,12,31021,3,3,1250,49187,5553,3,214110,346596,10898,8563663,667,170,325691,3010847,83595,58,3281079
"QC","2022-01-14 20:00:00",2021-04-28,1094,10,40018,-24,-9,1143,53559,7540,4,17550,347690,10908,8603681,643,161,326834,3064406,91135,62,3298629
"QC","2022-01-14 20:00:00",2021-04-29,1042,5,42382,-20,4,1031,72309,10352,2,0,348732,10913,8646063,623,165,327865,3136715,101487,64,3298629
"QC","2022-01-14 20:00:00",2021-04-30,1041,13,41949,-31,-1,1309,65903,10023,3,123340,349773,10926,8688012,592,164,329174,3202618,111510,67,3421969
"QC","2022-01-14 20:00:00",2021-05-01,1101,7,36867,-14,-5,1188,65682,12239,6,26830,350874,10933,8724879,578,159,330362,3268300,123749,73,3448799
"QC","2022-01-14 20:00:00",2021-05-02,1006,9,30471,-4,-2,1151,51359,8094,4,0,351880,10942,8755350,574,157,331513,3319659,131843,77,3448799
"QC","2022-01-14 20:00:00",2021-05-03,798,2,24114,14,-6,1064,39221,4792,2,0,352678,10944,8779464,588,151,332577,3358880,136635,79,3448799
"QC","2022-01-14 20:00:00",2021-05-04,797,15,32380,6,4,1047,53623,13481,6,401288,353475,10959,8811844,594,155,333624,3412503,150116,85,3850087
"QC","2022-01-14 20:00:00",2021-05-05,915,5,39818,-6,-3,907,59006,10502,6,43452,354390,10964,8851662,588,152,334531,3471509,160618,91,3893539
"QC","2022-01-14 20:00:00",2021-05-06,907,7,40198,-8,-8,890,82573,12308,7,165678,355297,10971,8891860,580,144,335421,3554082,172926,98,4059217
"QC","2022-01-14 20:00:00",2021-05-07,919,3,40562,-6,-5,1084,107749,12982,8,51642,356216,10974,8932422,574,139,336505,3661831,185908,106,4110859
"QC","2022-01-14 20:00:00",2021-05-08,958,7,32613,-27,-9,1033,93510,12786,2,8580,357174,10981,8965035,547,130,337538,3755341,198694,108,4119439
"QC","2022-01-14 20:00:00",2021-05-09,960,6,27340,-8,-6,1090,77578,6948,4,0,358134,10987,8992375,539,124,338628,3832919,205642,112,4119439
"QC","2022-01-14 20:00:00",2021-05-10,662,6,22950,4,-1,1032,63942,3420,1,0,358796,10993,9015325,543,123,339660,3896861,209062,113,4119439
"QC","2022-01-14 20:00:00",2021-05-11,660,9,30752,-3,5,977,64047,9711,5,434048,359456,11002,9046077,540,128,340637,3960908,218773,118,4553487
"QC","2022-01-14 20:00:00",2021-05-12,745,10,38138,-10,-2,796,77181,9725,2,24592,360201,11012,9084215,530,126,341433,4038089,228498,120,4578079
"QC","2022-01-14 20:00:00",2021-05-13,781,5,38239,-10,-5,737,98946,14856,4,0,360982,11017,9122454,520,121,342170,4137035,243354,124,4578079
"QC","2022-01-14 20:00:00",2021-05-14,838,8,34613,10,2,972,116031,15939,3,0,361820,11025,9157067,530,123,343142,4253066,259293,127,4578079
"QC","2022-01-14 20:00:00",2021-05-15,760,7,33012,-21,-3,897,104157,14050,9,0,362580,11032,9190079,509,120,344039,4357223,273343,136,4578079
"QC","2022-01-14 20:00:00",2021-05-16,716,2,25491,-1,-1,911,93536,6447,0,0,363296,11034,9215570,508,119,344950,4450759,279790,136,4578079
"QC","2022-01-14 20:00:00",2021-05-17,551,8,22877,-7,-3,844,75175,3510,2,0,363847,11042,9238447,501,116,345794,4525934,283300,138,4578079
"QC","2022-01-14 20:00:00",2021-05-18,549,8,27799,-17,2,845,74450,13459,5,417668,364396,11050,9266246,484,118,346639,4600384,296759,143,4995747
"QC","2022-01-14 20:00:00",2021-05-19,584,8,33757,-18,-5,748,75524,12063,5,40972,364980,11058,9300003,466,113,347387,4675908,308822,148,5036719
"QC","2022-01-14 20:00:00",2021-05-20,662,8,35155,-6,-6,555,95220,15318,7,148100,365642,11066,9335158,460,107,347942,4771128,324140,155,5184819
"QC","2022-01-14 20:00:00",2021-05-21,752,9,29451,-23,-1,752,112814,16488,12,410670,366394,11075,9364609,437,106,348694,4883942,340628,167,5595489
"QC","2022-01-14 20:00:00",2021-05-22,505,6,25818,-13,-3,804,99557,16035,5,232660,366899,11081,9390427,424,103,349498,4983499,356663,172,5828149
"QC","2022-01-14 20:00:00",2021-05-23,477,3,19231,-3,0,772,86967,5420,1,1300,367376,11084,9409658,421,103,350270,5070466,362083,173,5829449
"QC","2022-01-14 20:00:00",2021-05-24,433,11,16123,3,-1,732,69830,5436,6,0,367809,11095,9425781,424,102,351002,5140296,367519,179,5829449
"QC","2022-01-14 20:00:00",2021-05-25,346,6,19779,-9,-1,687,53978,11856,3,2318,368155,11101,9445560,415,101,351689,5194274,379375,182,5831767
"QC","2022-01-14 20:00:00",2021-05-26,308,4,26706,-16,0,541,63943,15997,10,0,368463,11105,9472266,399,101,352230,5258217,395372,192,5831767
"QC","2022-01-14 20:00:00",2021-05-27,436,10,29750,-5,-5,577,91554,17722,8,45652,368899,11115,9502016,394,96,352807,5349771,413094,200,5877419
"QC","2022-01-14 20:00:00",2021-05-28,419,3,25207,-9,-5,635,106521,17601,13,9700,369318,11118,9527223,385,91,353442,5456292,430695,213,5887119
"QC","2022-01-14 20:00:00",2021-05-29,410,7,22800,-12,0,662,100337,14503,12,0,369728,11125,9550023,373,91,354104,5556629,445198,225,5887119
"QC","2022-01-14 20:00:00",2021-05-30,315,2,18895,-9,-1,630,100062,20876,9,0,370043,11127,9568918,364,90,354734,5656691,466074,234,5887119
"QC","2022-01-14 20:00:00",2021-05-31,276,1,16512,-2,-1,532,80307,15947,5,0,370319,11128,9585430,362,89,355266,5736998,482021,239,5887119
"QC","2022-01-14 20:00:00",2021-06-01,208,5,22820,-8,-3,519,75032,25100,14,490208,370527,11133,9608250,354,86,355785,5812030,507121,253,6377327
"QC","2022-01-14 20:00:00",2021-06-02,288,5,30349,-14,-9,417,71834,20655,35,50332,370815,11138,9638599,340,77,356202,5883864,527776,288,6427659
"QC","2022-01-14 20:00:00",2021-06-03,267,6,25448,-23,-9,380,90689,22367,17,0,371082,11144,9664047,317,68,356582,5974553,550143,305,6427659
"QC","2022-01-14 20:00:00",2021-06-04,279,4,24118,-10,-1,416,100779,23305,27,81400,371361,11148,9688165,307,67,356998,6075332,573448,332,6509059
"QC","2022-01-14 20:00:00",2021-06-05,228,2,21030,-24,-3,427,98859,23271,5,9100,371589,11150,9709195,283,64,357425,6174191,596719,337,6518159
"QC","2022-01-14 20:00:00",2021-06-06,178,-1,17286,-9,-3,442,86433,14419,14,0,371767,11149,9726481,274,61,357867,6260624,611138,351,6518159
"QC","2022-01-14 20:00:00",2021-06-07,193,3,14895,-9,-3,354,68872,14117,4,445728,371960,11152,9741376,265,58,358221,6329496,625255,355,6963887
"QC","2022-01-14 20:00:00",2021-06-08,149,4,21177,-2,2,332,69732,31251,13,51522,372109,11156,9762553,263,60,358553,6399228,656506,368,7015409
"QC","2022-01-14 20:00:00",2021-06-09,178,8,25101,-6,0,296,79288,39293,13,49140,372287,11164,9787654,257,60,358849,6478516,695799,381,7064549
"QC","2022-01-14 20:00:00",2021-06-10,189,2,23596,-6,4,255,93171,60022,23,21700,372476,11166,9811250,251,64,359104,6571687,755821,404,7086249
"QC","2022-01-14 20:00:00",2021-06-11,180,1,20079,-7,-5,317,106270,63995,16,0,372656,11167,9831329,244,59,359421,6677957,819816,420,7086249
"QC","2022-01-14 20:00:00",2021-06-12,182,3,19323,-17,0,277,112489,74179,29,0,372838,11170,9850652,227,59,359698,6790446,893995,449,7086249
"QC","2022-01-14 20:00:00",2021-06-13,151,2,15978,-12,-1,283,101149,64767,25,0,372989,11172,9866630,215,58,359981,6891595,958762,474,7086249
"QC","2022-01-14 20:00:00",2021-06-14,123,1,15672,-1,-4,0,79596,56736,31,0,373112,11173,9882302,214,54,359981,6971191,1015498,505,7086249
"QC","2022-01-14 20:00:00",2021-06-15,105,4,20173,-5,-4,429,94220,70675,33,511290,373217,11177,9902475,209,50,360410,7065411,1086173,538,7597539
"QC","2022-01-14 20:00:00",2021-06-16,153,0,27104,-17,-5,177,90262,71432,31,35100,373370,11177,9929579,192,45,360587,7155673,1157605,569,7632639
"QC","2022-01-14 20:00:00",2021-06-17,161,1,23465,-14,-4,192,101485,82650,30,0,373531,11178,9953044,178,41,360779,7257158,1240255,599,7632639
"QC","2022-01-14 20:00:00",2021-06-18,127,2,20307,-3,-2,194,105630,85672,32,170240,373658,11180,9973351,175,39,360973,7362788,1325927,631,7802879
"QC","2022-01-14 20:00:00",2021-06-19,160,9,17289,3,0,187,94664,78376,62,469140,373818,11189,9990640,178,39,361160,7457452,1404303,693,8272019
"QC","2022-01-14 20:00:00",2021-06-20,103,2,17302,-8,0,192,73717,61599,18,13016,373921,11191,10007942,170,39,361352,7531169,1465902,711,8285035
"QC","2022-01-14 20:00:00",2021-06-21,90,0,16607,-2,0,169,58537,51410,15,0,374011,11191,10024549,168,39,361521,7589706,1517312,726,8285035
"QC","2022-01-14 20:00:00",2021-06-22,84,4,20061,-7,1,154,87595,80106,35,0,374095,11195,10044610,161,40,361675,7677301,1597418,761,8285035
"QC","2022-01-14 20:00:00",2021-06-23,127,3,22348,0,0,165,101427,93463,43,518000,374222,11198,10066958,161,40,361840,7778728,1690881,804,8803035
"QC","2022-01-14 20:00:00",2021-06-24,96,4,20802,-18,-2,112,122756,113932,70,545444,374318,11202,10087760,143,38,361952,7901484,1804813,874,9348479
"QC","2022-01-14 20:00:00",2021-06-25,88,0,18196,-8,2,178,70748,65796,21,224398,374406,11202,10105956,135,40,362130,7972232,1870609,895,9572877
"QC","2022-01-14 20:00:00",2021-06-26,81,0,15540,0,0,0,120070,111762,43,0,374487,11202,10121496,135,40,362130,8092302,1982371,938,9572877
"QC","2022-01-14 20:00:00",2021-06-27,95,0,16765,0,0,0,99542,90827,40,0,374582,11202,10138261,135,40,362130,8191844,2073198,978,9572877
"QC","2022-01-14 20:00:00",2021-06-28,78,1,15111,-11,-9,393,78748,72791,16,0,374660,11203,10153372,124,31,362523,8270592,2145989,994,9572877
"QC","2022-01-14 20:00:00",2021-06-29,71,4,18982,-2,0,123,109500,101972,42,692960,374731,11207,10172354,122,31,362646,8380092,2247961,1036,10265837
"QC","2022-01-14 20:00:00",2021-06-30,126,3,19320,-5,4,110,109213,101752,52,708328,374857,11210,10191674,117,35,362756,8489305,2349713,1088,10974165
"QC","2022-01-14 20:00:00",2021-07-01,0,0,18515,0,0,0,128329,119803,111,0,374857,11210,10210189,117,35,362756,8617634,2469516,1199,10974165
"QC","2022-01-14 20:00:00",2021-07-02,162,7,15296,-7,-1,205,94220,87836,65,69822,375019,11217,10225485,110,34,362961,8711854,2557352,1264,11043987
"QC","2022-01-14 20:00:00",2021-07-03,72,0,14115,-5,-3,0,109073,101838,62,0,375091,11217,10239600,105,31,362961,8820927,2659190,1326,11043987
"QC","2022-01-14 20:00:00",2021-07-04,55,0,13649,-5,-1,0,84639,78047,42,0,375146,11217,10253249,100,30,362961,8905566,2737237,1368,11043987
"QC","2022-01-14 20:00:00",2021-07-05,49,1,11722,2,-3,284,73318,68317,551,0,375195,11218,10264971,102,27,363245,8978884,2805554,1919,11043987
"QC","2022-01-14 20:00:00",2021-07-06,67,0,17292,0,0,94,99738,93038,530,138562,375262,11218,10282263,102,27,363339,9078622,2898592,2449,11182549
"QC","2022-01-14 20:00:00",2021-07-07,103,1,18376,1,-2,76,108396,102070,91,18720,375365,11219,10300639,103,25,363415,9187018,3000662,2540,11201269
"QC","2022-01-14 20:00:00",2021-07-08,64,10,17815,-2,-2,69,116578,109337,90,46298,375429,11229,10318454,101,23,363484,9303596,3109999,2630,11247567
"QC","2022-01-14 20:00:00",2021-07-09,287,1,16849,-5,-1,291,123208,116267,64,-46298,375716,11230,10335303,96,22,363775,9426804,3226266,2694,11201269
"QC","2022-01-14 20:00:00",2021-07-10,75,0,12633,0,0,0,116076,108676,68,0,375791,11230,10347936,96,22,363775,9542880,3334942,2762,11201269
"QC","2022-01-14 20:00:00",2021-07-11,72,0,13084,0,0,0,85532,79249,38,0,375863,11230,10361020,96,22,363775,9628412,3414191,2800,11201269
"QC","2022-01-14 20:00:00",2021-07-12,52,1,11417,-8,3,258,67221,62398,31,0,375915,11231,10372437,88,25,364033,9695633,3476589,2831,11201269
"QC","2022-01-14 20:00:00",2021-07-13,54,0,16073,-3,0,70,89071,83136,42,292842,375969,11231,10388510,85,25,364103,9784704,3559725,2873,11494111
"QC","2022-01-14 20:00:00",2021-07-14,75,0,18609,-6,0,52,93966,86371,63,31248,376044,11231,10407119,79,25,364155,9878670,3646096,2936,11525359
"QC","2022-01-14 20:00:00",2021-07-15,65,1,16182,2,-2,67,103951,97122,64,46298,376109,11232,10423301,81,23,364222,9982621,3743218,3000,11571657
"QC","2022-01-14 20:00:00",2021-07-16,83,3,16011,3,2,106,102693,94829,59,-46298,376192,11235,10439312,84,25,364328,10085314,3838047,3059,11525359
"QC","2022-01-14 20:00:00",2021-07-17,97,0,14576,0,0,0,104200,96808,50,0,376289,11235,10453888,84,25,364328,10189514,3934855,3109,11525359
"QC","2022-01-14 20:00:00",2021-07-18,81,0,12304,0,0,0,74642,69258,42,0,376370,11235,10466192,84,25,364328,10264156,4004113,3151,11525359
"QC","2022-01-14 20:00:00",2021-07-19,61,1,9777,-6,-2,211,54477,50665,15,0,376431,11236,10475969,78,23,364539,10318633,4054778,3166,11525359
"QC","2022-01-14 20:00:00",2021-07-20,-15,0,15018,-1,-2,1,84042,78298,46,625908,376416,11236,10490987,77,21,364540,10402675,4133076,3212,12151267
"QC","2022-01-14 20:00:00",2021-07-21,103,-1,15822,-5,0,54,101699,94702,57,0,376519,11235,10506809,72,21,364594,10504374,4227778,3269,12151267
"QC","2022-01-14 20:00:00",2021-07-22,-90,3,15038,-1,0,0,105324,98112,66,0,376429,11238,10521847,71,21,364594,10609698,4325890,3335,12151267
"QC","2022-01-14 20:00:00",2021-07-23,101,1,16310,-4,0,-55,96832,89462,73,0,376530,11239,10538157,67,21,364539,10706530,4415352,3408,12151267
"QC","2022-01-14 20:00:00",2021-07-24,182,0,14562,0,0,0,97360,90257,75,0,376712,11239,10552719,67,21,364539,10803890,4505609,3483,12151267
"QC","2022-01-14 20:00:00",2021-07-25,41,0,12126,0,0,0,72317,67252,128,0,376753,11239,10564845,67,21,364539,10876207,4572861,3611,12151267
"QC","2022-01-14 20:00:00",2021-07-26,75,1,10155,0,-1,235,55011,50637,296,77262,376828,11240,10575000,67,20,364774,10931218,4623498,3907,12228529
"QC","2022-01-14 20:00:00",2021-07-27,73,0,16413,-1,1,84,75922,69492,420,944148,376901,11240,10591413,66,21,364858,11007140,4692990,4327,13172677
"QC","2022-01-14 20:00:00",2021-07-28,133,0,15208,-5,-2,72,73242,66450,397,0,377034,11240,10606621,61,19,364930,11080382,4759440,4724,13172677
"QC","2022-01-14 20:00:00",2021-07-29,138,0,15706,1,1,88,71702,64730,336,159120,377172,11240,10622327,62,20,365018,11152084,4824170,5060,13331797
"QC","2022-01-14 20:00:00",2021-07-30,125,1,14500,-2,-3,87,68568,61859,308,0,377297,11241,10636827,60,17,365105,11220652,4886029,5368,13331797
"QC","2022-01-14 20:00:00",2021-07-31,189,0,14551,0,0,0,78954,71769,379,0,377486,11241,10651378,60,17,365105,11299606,4957798,5747,13331797
"QC","2022-01-14 20:00:00",2021-08-01,158,0,12676,0,0,0,58988,53602,242,0,377644,11241,10664054,60,17,365105,11358594,5011400,5989,13331797
"QC","2022-01-14 20:00:00",2021-08-02,154,0,11341,1,0,346,39054,35010,235,14082,377798,11241,10675395,61,17,365451,11397648,5046410,6224,13345879
"QC","2022-01-14 20:00:00",2021-08-03,175,0,15781,-3,1,107,50560,44609,329,0,377973,11241,10691176,58,18,365558,11448208,5091019,6553,13345879
"QC","2022-01-14 20:00:00",2021-08-04,184,-1,17952,0,-1,96,48794,42798,336,0,378157,11240,10709128,58,17,365654,11497002,5133817,6889,13345879
"QC","2022-01-14 20:00:00",2021-08-05,233,0,18829,2,-1,96,47181,41197,380,0,378390,11240,10727957,60,16,365750,11544183,5175014,7269,13345879
"QC","2022-01-14 20:00:00",2021-08-06,290,1,17872,-3,-1,131,53159,45051,474,0,378680,11241,10745829,57,15,365881,11597342,5220065,7743,13345879
"QC","2022-01-14 20:00:00",2021-08-07,235,0,17047,0,0,116,59935,50282,584,0,378915,11241,10762876,57,15,365997,11657277,5270347,8327,13345879
"QC","2022-01-14 20:00:00",2021-08-08,274,0,15558,0,0,166,47724,40708,327,0,379189,11241,10778434,57,15,366163,11705001,5311055,8654,13345879
"QC","2022-01-14 20:00:00",2021-08-09,250,1,12940,-2,-1,177,29553,24832,243,0,379439,11242,10791374,55,14,366340,11734554,5335887,8897,13345879
"QC","2022-01-14 20:00:00",2021-08-10,234,-1,18277,7,4,183,41817,34862,461,697958,379673,11241,10809651,62,18,366523,11776371,5370749,9358,14043837
"QC","2022-01-14 20:00:00",2021-08-11,365,1,18427,5,4,147,37316,29703,442,0,380038,11242,10828078,67,22,366670,11813687,5400452,9800,14043837
"QC","2022-01-14 20:00:00",2021-08-12,369,0,17632,14,6,142,43521,33762,417,0,380407,11242,10845710,81,28,366812,11857208,5434214,10217,14043837
"QC","2022-01-14 20:00:00",2021-08-13,426,0,17938,-1,-1,217,49221,37839,540,0,380833,11242,10863648,80,27,367029,11906429,5472053,10757,14043837
"QC","2022-01-14 20:00:00",2021-08-14,433,1,18009,0,0,0,60414,49959,546,0,381266,11243,10881657,80,27,367029,11966843,5522012,11303,14043837
"QC","2022-01-14 20:00:00",2021-08-15,321,-1,16389,0,0,540,52072,43863,364,0,381587,11242,10898046,80,27,367569,12018915,5565875,11667,14043837
"QC","2022-01-14 20:00:00",2021-08-16,409,0,14257,2,0,261,36976,31010,236,0,381996,11242,10912303,82,27,367830,12055891,5596885,11903,14043837
"QC","2022-01-14 20:00:00",2021-08-17,323,0,18100,6,0,276,43751,35452,408,0,382319,11242,10930403,88,27,368106,12099642,5632337,12311,14043837
"QC","2022-01-14 20:00:00",2021-08-18,436,36,18806,0,1,254,42940,34824,467,0,382755,11278,10949209,88,28,368360,12142582,5667161,12778,14043837
"QC","2022-01-14 20:00:00",2021-08-19,436,-1,20315,3,-1,269,43780,35248,539,0,383191,11277,10969524,91,27,368629,12186362,5702409,13317,14043837
"QC","2022-01-14 20:00:00",2021-08-20,527,2,19021,-4,3,309,41183,32437,421,0,383718,11279,10988545,87,30,368938,12227545,5734846,13738,14043837
"QC","2022-01-14 20:00:00",2021-08-21,563,0,17227,0,0,342,47797,38818,539,0,384281,11279,11005772,87,30,369280,12275342,5773664,14277,14043837
"QC","2022-01-14 20:00:00",2021-08-22,463,0,15211,0,0,405,39184,32733,291,666,384744,11279,11020983,87,30,369685,12314526,5806397,14568,14044503
"QC","2022-01-14 20:00:00",2021-08-23,376,1,12497,12,1,430,27139,22786,242,0,385120,11280,11033480,99,31,370115,12341665,5829183,14810,14044503
"QC","2022-01-14 20:00:00",2021-08-24,345,3,17549,3,-2,371,32358,25392,430,0,385465,11283,11051029,102,29,370486,12374023,5854575,15240,14044503
"QC","2022-01-14 20:00:00",2021-08-25,550,1,20613,8,4,372,27619,21056,438,0,386015,11284,11071642,110,33,370858,12401642,5875631,15678,14044503
"QC","2022-01-14 20:00:00",2021-08-26,603,1,20201,9,3,306,32651,23693,493,0,386618,11285,11091843,119,36,371164,12434293,5899324,16171,14044503
"QC","2022-01-14 20:00:00",2021-08-27,612,0,20634,7,0,459,34940,24925,494,0,387230,11285,11112477,126,36,371623,12469233,5924249,16665,14044503
"QC","2022-01-14 20:00:00",2021-08-28,604,0,18698,0,0,441,36930,26792,583,0,387834,11285,11131175,126,36,372064,12506163,5951041,17248,14044503
"QC","2022-01-14 20:00:00",2021-08-29,579,0,16280,0,0,521,31663,24168,487,0,388413,11285,11147455,126,36,372585,12537826,5975209,17735,14044503
"QC","2022-01-14 20:00:00",2021-08-30,386,0,16646,-1,1,524,20020,14877,314,0,388799,11285,11164101,125,37,373109,12557846,5990086,18049,14044503
"QC","2022-01-14 20:00:00",2021-08-31,425,1,20319,6,-1,429,23289,16481,420,0,389224,11286,11184420,131,36,373538,12581135,6006567,18469,14044503
"QC","2022-01-14 20:00:00",2021-09-01,690,2,22961,7,4,359,26085,17839,755,0,389914,11288,11207381,138,40,373897,12607220,6024406,19224,14044503
"QC","2022-01-14 20:00:00",2021-09-02,699,1,20566,0,2,369,22221,13922,1082,0,390613,11289,11227947,138,42,374266,12629441,6038328,20306,14044503
"QC","2022-01-14 20:00:00",2021-09-03,750,2,22151,9,7,541,28396,17837,1660,0,391363,11291,11250098,147,49,374807,12657837,6056165,21966,14044503
"QC","2022-01-14 20:00:00",2021-09-04,666,1,19821,0,0,583,28557,18135,1725,0,392029,11292,11269919,147,49,375390,12686394,6074300,23691,14044503
"QC","2022-01-14 20:00:00",2021-09-05,778,1,17016,0,0,597,23814,16087,1219,0,392807,11293,11286935,147,49,375987,12710208,6090387,24910,14044503
"QC","2022-01-14 20:00:00",2021-09-06,530,0,16713,13,15,0,13111,8284,782,0,393337,11293,11303648,160,64,375987,12723319,6098671,25692,14044503
"QC","2022-01-14 20:00:00",2021-09-07,515,0,19715,11,4,1112,10436,6398,626,0,393852,11293,11323363,171,68,377099,12733755,6105069,26318,14044503
"QC","2022-01-14 20:00:00",2021-09-08,600,3,25155,7,3,432,19936,12223,1600,0,394452,11296,11348518,178,71,377531,12753691,6117292,27918,14044503
"QC","2022-01-14 20:00:00",2021-09-09,703,1,27641,20,-1,490,24957,14795,1855,0,395155,11297,11376159,198,70,378021,12778648,6132087,29773,14044503
"QC","2022-01-14 20:00:00",2021-09-10,879,4,27166,9,2,700,26335,15986,1898,0,396034,11301,11403325,207,72,378721,12804983,6148073,31671,14044503
"QC","2022-01-14 20:00:00",2021-09-11,995,3,25454,11,3,657,26067,15892,1833,0,397029,11304,11428779,218,75,379378,12831050,6163965,33504,14044503
"QC","2022-01-14 20:00:00",2021-09-12,757,0,22217,0,0,738,22837,15148,1411,0,397786,11304,11450996,218,75,380116,12853887,6179113,34915,14044503
"QC","2022-01-14 20:00:00",2021-09-13,639,1,21130,9,0,709,13339,8477,872,0,398425,11305,11472126,227,75,380825,12867226,6187590,35787,14044503
"QC","2022-01-14 20:00:00",2021-09-14,633,7,25602,3,3,680,14717,8347,1200,0,399058,11312,11497728,230,78,381505,12881943,6195937,36987,14044503
"QC","2022-01-14 20:00:00",2021-09-15,785,1,31501,20,7,545,15369,8764,1273,0,399843,11313,11529229,250,85,382050,12897312,6204701,38260,14044503
"QC","2022-01-14 20:00:00",2021-09-16,782,2,31701,6,2,653,19676,11683,1816,0,400625,11315,11560930,256,87,382703,12916988,6216384,40076,14044503
"QC","2022-01-14 20:00:00",2021-09-17,837,3,32578,6,8,631,22508,13109,1927,0,401462,11318,11593508,262,95,383334,12939496,6229493,42003,14044503
"QC","2022-01-14 20:00:00",2021-09-18,821,3,28826,0,0,761,22076,13244,1687,0,402283,11321,11622334,262,95,384095,12961572,6242737,43690,14044503
"QC","2022-01-14 20:00:00",2021-09-19,742,4,25000,0,0,817,18788,12121,1152,0,403025,11325,11647334,262,95,384912,12980360,6254858,44842,14044503
"QC","2022-01-14 20:00:00",2021-09-20,679,1,22720,18,-3,863,8612,5145,669,0,403704,11326,11670054,280,92,385775,12988972,6260003,45511,14044503
"QC","2022-01-14 20:00:00",2021-09-21,587,9,27704,-6,-6,797,10157,6005,765,0,404291,11335,11697758,274,86,386572,12999129,6266008,46276,14044503
"QC","2022-01-14 20:00:00",2021-09-22,683,5,31350,6,5,613,11345,6603,925,0,404974,11340,11729108,280,91,387185,13010474,6272611,47201,14044503
"QC","2022-01-14 20:00:00",2021-09-23,754,7,36146,3,-1,678,16113,9920,1382,0,405728,11347,11765254,283,90,387863,13026587,6282531,48583,14044503
"QC","2022-01-14 20:00:00",2021-09-24,701,2,32232,15,1,739,18588,11792,1762,0,406429,11349,11797486,298,91,388602,13045175,6294323,50345,14044503
"QC","2022-01-14 20:00:00",2021-09-25,795,0,31452,3,-1,0,18400,11598,1423,0,407224,11349,11828938,301,90,388602,13063575,6305921,51768,14044503
"QC","2022-01-14 20:00:00",2021-09-26,719,0,24041,0,0,0,16225,11045,1060,0,407943,11349,11852979,301,90,388602,13079800,6316966,52828,14044503
"QC","2022-01-14 20:00:00",2021-09-27,519,7,20748,-2,5,2256,7542,4696,603,0,408462,11356,11873727,299,95,390858,13087342,6321662,53431,14044503
"QC","2022-01-14 20:00:00",2021-09-28,469,6,27339,22,-1,725,7089,4083,574,0,408931,11362,11901066,321,94,391583,13094431,6325745,54005,14044503
"QC","2022-01-14 20:00:00",2021-09-29,594,7,31456,-15,-3,684,10575,6340,1067,0,409525,11369,11932522,306,91,392267,13105006,6332085,55072,14044503
"QC","2022-01-14 20:00:00",2021-09-30,655,2,35216,5,0,648,14475,8860,1450,0,410180,11371,11967738,311,91,392915,13119481,6340945,56522,14044503
"QC","2022-01-14 20:00:00",2021-10-01,643,6,29901,-1,-7,680,17700,11076,1764,0,410823,11377,11997639,310,84,393595,13137181,6352021,58286,14044503
"QC","2022-01-14 20:00:00",2021-10-02,640,5,27140,0,0,706,15592,9706,1295,0,411463,11382,12024779,310,84,394301,13152773,6361727,59581,14044503
"QC","2022-01-14 20:00:00",2021-10-03,499,1,21903,0,0,749,13801,9076,969,0,411962,11383,12046682,310,84,395050,13166574,6370803,60550,14044503
"QC","2022-01-14 20:00:00",2021-10-04,402,6,20731,-20,4,659,6145,4080,387,0,412364,11389,12067413,290,88,395709,13172719,6374883,60937,14044503
"QC","2022-01-14 20:00:00",2021-10-05,436,8,26512,1,2,671,6787,3928,621,0,412800,11397,12093925,291,90,396380,13179506,6378811,61558,14044503
"QC","2022-01-14 20:00:00",2021-10-06,506,3,32030,3,0,487,9291,5560,764,0,413306,11400,12125955,294,90,396867,13188797,6384371,62322,14044503
"QC","2022-01-14 20:00:00",2021-10-07,624,5,31069,3,-2,537,13147,8245,1090,0,413930,11405,12157024,297,88,397404,13201944,6392616,63412,14044503
"QC","2022-01-14 20:00:00",2021-10-08,643,5,31908,5,-2,629,16557,10391,1295,0,414573,11410,12188932,302,86,398033,13218501,6403007,64707,14044503
"QC","2022-01-14 20:00:00",2021-10-09,602,2,27674,0,0,624,15462,9757,1188,0,415175,11412,12216606,302,86,398657,13233963,6412764,65895,14044503
"QC","2022-01-14 20:00:00",2021-10-10,612,3,22031,0,0,605,13062,8605,784,0,415787,11415,12238637,302,86,399262,13247025,6421369,66679,14044503
"QC","2022-01-14 20:00:00",2021-10-11,0,0,19003,0,0,0,5874,3696,369,0,415787,11415,12257640,302,86,399262,13252899,6425065,67048,14044503
"QC","2022-01-14 20:00:00",2021-10-12,889,7,22847,-11,-14,1085,4646,2857,338,0,416676,11422,12280487,291,72,400347,13257545,6427922,67386,14044503
"QC","2022-01-14 20:00:00",2021-10-13,512,7,28010,7,3,430,9776,5706,1066,0,417188,11429,12308497,298,75,400777,13267321,6433628,68452,14044503
"QC","2022-01-14 20:00:00",2021-10-14,644,2,34093,0,1,510,12127,7106,1345,0,417832,11431,12342590,298,76,401287,13279448,6440734,69797,14044503
"QC","2022-01-14 20:00:00",2021-10-15,676,6,32152,3,3,543,13222,7606,1545,0,418508,11437,12374742,301,79,401830,13292670,6448340,71342,14044503
"QC","2022-01-14 20:00:00",2021-10-16,679,3,26975,0,0,631,14238,7924,2331,0,419187,11440,12401717,301,79,402461,13306908,6456264,73673,14044503
"QC","2022-01-14 20:00:00",2021-10-17,532,4,22642,0,0,563,12487,7629,988,0,419719,11444,12424359,301,79,403024,13319395,6463893,74661,14044503
"QC","2022-01-14 20:00:00",2021-10-18,410,5,21110,2,-2,548,5151,2954,477,0,420129,11449,12445469,303,77,403572,13324546,6466847,75138,14044503
"QC","2022-01-14 20:00:00",2021-10-19,342,4,26497,-6,-2,585,6663,3215,1750,0,420471,11453,12471966,297,75,404157,13331209,6470062,76888,14044503
"QC","2022-01-14 20:00:00",2021-10-20,458,2,30440,-10,-3,483,9834,4295,3143,0,420929,11455,12502406,287,72,404640,13341043,6474357,80031,14044503
"QC","2022-01-14 20:00:00",2021-10-21,428,3,27631,-13,0,486,13308,5876,4084,64992,421357,11458,12530037,274,72,405126,13354351,6480233,84115,14109495
"QC","2022-01-14 20:00:00",2021-10-22,434,8,26931,-14,-4,537,15145,6224,5095,0,421791,11466,12556968,260,68,405663,13369496,6486457,89210,14109495
"QC","2022-01-14 20:00:00",2021-10-23,451,4,24679,0,0,616,13516,6285,3750,0,422242,11470,12581647,260,68,406279,13383012,6492742,92960,14109495
"QC","2022-01-14 20:00:00",2021-10-24,429,2,21435,0,0,629,10168,5791,1003,0,422671,11472,12603082,260,68,406908,13393180,6498533,93963,14109495
"QC","2022-01-14 20:00:00",2021-10-25,324,5,20305,-1,1,0,4267,2356,511,0,422995,11477,12623387,259,69,406908,13397447,6500889,94474,14109495
"QC","2022-01-14 20:00:00",2021-10-26,340,4,25291,0,-3,0,9055,2808,4708,0,423335,11481,12648678,259,66,406908,13406502,6503697,99182,14109495
"QC","2022-01-14 20:00:00",2021-10-27,478,4,31970,-2,0,0,11175,3861,5157,0,423813,11485,12680648,257,66,406908,13417677,6507558,104339,14109495
"QC","2022-01-14 20:00:00",2021-10-28,478,5,28908,-3,1,0,14076,4816,6493,0,424291,11490,12709556,254,67,406908,13431753,6512374,110832,14109495
"QC","2022-01-14 20:00:00",2021-10-29,511,1,28673,-4,1,2361,13436,5440,5040,0,424802,11491,12738229,250,68,409269,13445189,6517814,115872,14109495
"QC","2022-01-14 20:00:00",2021-10-30,591,2,23865,0,0,453,13201,5439,4969,0,425393,11493,12762094,250,68,409722,13458390,6523253,120841,14109495
"QC","2022-01-14 20:00:00",2021-10-31,567,1,20904,0,0,402,8897,4889,1318,0,425960,11494,12782998,250,68,410124,13467287,6528142,122159,14109495
"QC","2022-01-14 20:00:00",2021-11-01,497,2,20717,-6,-1,0,3243,1771,482,0,426457,11496,12803715,244,67,410124,13470530,6529913,122641,14109495
"QC","2022-01-14 20:00:00",2021-11-02,490,6,25573,6,4,0,10515,2369,6898,0,426947,11502,12829288,250,71,410124,13481045,6532282,129539,14109495
"QC","2022-01-14 20:00:00",2021-11-03,525,8,29685,-2,-1,0,11306,2502,7169,0,427472,11510,12858973,248,70,410124,13492351,6534784,136708,14109495
"QC","2022-01-14 20:00:00",2021-11-04,588,0,27531,-7,-7,0,12872,3554,7144,0,428060,11510,12886504,241,63,410124,13505223,6538338,143852,14109495
"QC","2022-01-14 20:00:00",2021-11-05,571,1,30241,-1,-6,0,16695,5523,7858,0,428631,11511,12916745,240,57,410124,13521918,6543861,151710,14109495
"QC","2022-01-14 20:00:00",2021-11-06,688,4,26542,0,0,2489,15051,4793,7242,0,429319,11515,12943287,240,57,412613,13536969,6548654,158952,14109495
"QC","2022-01-14 20:00:00",2021-11-07,545,3,23424,0,0,489,9062,4340,1751,0,429864,11518,12966711,240,57,413102,13546031,6552994,160703,14109495
"QC","2022-01-14 20:00:00",2021-11-08,531,4,21669,-15,-9,0,5122,2356,1004,0,430395,11522,12988380,225,48,413102,13551153,6555350,161707,14109495
"QC","2022-01-14 20:00:00",2021-11-09,545,6,26555,-6,-3,0,10849,2222,7171,0,430940,11528,13014935,219,45,413102,13562002,6557572,168878,14109495
"QC","2022-01-14 20:00:00",2021-11-10,672,1,33498,1,0,0,11759,3058,6973,0,431612,11529,13048433,220,45,413102,13573761,6560630,175851,14109495
"QC","2022-01-14 20:00:00",2021-11-11,663,4,29748,-5,-3,0,15146,4416,8113,0,432275,11533,13078181,215,42,413102,13588907,6565046,183964,14109495
"QC","2022-01-14 20:00:00",2021-11-12,716,2,28680,-10,-2,0,14859,4841,7136,0,432991,11535,13106861,205,40,413102,13603766,6569887,191100,14109495
"QC","2022-01-14 20:00:00",2021-11-13,715,6,28305,0,0,3230,13982,4601,6636,0,433706,11541,13135166,205,40,416332,13617748,6574488,197736,14109495
"QC","2022-01-14 20:00:00",2021-11-14,634,4,22555,0,0,535,9467,4606,2194,0,434340,11545,13157721,205,40,416867,13627215,6579094,199930,14109495
"QC","2022-01-14 20:00:00",2021-11-15,509,1,20376,-3,2,0,5461,2344,1439,0,434849,11546,13178097,202,42,416867,13632676,6581438,201369,14109495
"QC","2022-01-14 20:00:00",2021-11-16,517,2,26609,-2,5,0,11086,2477,7024,0,435366,11548,13204706,200,47,416867,13643762,6583915,208393,14109495
"QC","2022-01-14 20:00:00",2021-11-17,718,0,32145,-5,0,0,9702,2503,5545,0,436084,11548,13236851,195,47,416867,13653464,6586418,213938,14109495
"QC","2022-01-14 20:00:00",2021-11-18,720,2,30927,10,-1,0,12735,3734,6486,0,436804,11550,13267778,205,46,416867,13666199,6590152,220424,14109495
"QC","2022-01-14 20:00:00",2021-11-19,745,2,29227,-4,-1,0,12757,4213,5874,0,437549,11552,13297005,201,45,416867,13678956,6594365,226298,14109495
"QC","2022-01-14 20:00:00",2021-11-20,0,0,24757,0,0,0,11723,4260,4632,0,437549,11552,13321762,201,45,416867,13690679,6598625,230930,14109495
"QC","2022-01-14 20:00:00",2021-11-21,1522,6,23538,0,0,4402,6910,3546,966,0,439071,11558,13345300,201,45,421269,13697589,6602171,231896,14109495
"QC","2022-01-14 20:00:00",2021-11-22,692,2,22002,3,1,0,3971,2015,578,92494,439763,11560,13367302,204,46,421269,13701560,6604186,232474,14201989
"QC","2022-01-14 20:00:00",2021-11-23,699,5,27902,-1,0,0,6491,2093,2914,0,440462,11565,13395204,203,46,421269,13708051,6606279,235388,14201989
"QC","2022-01-14 20:00:00",2021-11-24,882,1,32548,8,0,0,7420,2266,3395,0,441344,11566,13427752,211,46,421269,13715471,6608545,238783,14201989
"QC","2022-01-14 20:00:00",2021-11-25,902,5,31250,-1,-1,0,17075,3150,4590,0,442246,11571,13459002,210,45,421269,13732546,6611695,243373,14201989
"QC","2022-01-14 20:00:00",2021-11-26,2339,0,33215,-4,-2,0,19978,4031,5264,0,444585,11571,13492217,206,43,421269,13752524,6615726,248637,14201989
"QC","2022-01-14 20:00:00",2021-11-27,1171,3,31906,0,0,5153,25545,3691,4608,0,445756,11574,13524123,206,43,426422,13778069,6619417,253245,14201989
"QC","2022-01-14 20:00:00",2021-11-28,875,0,24500,0,0,785,25566,2224,1475,0,446631,11574,13548623,206,43,427207,13803635,6621641,254720,14201989
"QC","2022-01-14 20:00:00",2021-11-29,756,2,23640,20,2,0,22893,1400,1023,0,447387,11576,13572263,226,45,427207,13826528,6623041,255743,14201989
"QC","2022-01-14 20:00:00",2021-11-30,784,3,29009,1,6,0,20633,1917,5818,0,448171,11579,13601272,227,51,427207,13847161,6624958,261561,14201989
"QC","2022-01-14 20:00:00",2021-12-01,1196,2,35037,12,1,0,24686,2059,8048,0,449367,11581,13636309,239,52,427207,13871847,6627017,269609,14201989
"QC","2022-01-14 20:00:00",2021-12-02,1146,2,35504,-12,1,0,28026,2351,6806,0,450513,11583,13671813,227,53,427207,13899873,6629368,276415,14201989
"QC","2022-01-14 20:00:00",2021-12-03,1355,2,35726,3,4,0,29645,2666,8289,1238170,451868,11585,13707539,230,57,427207,13929518,6632034,284704,15440159
"QC","2022-01-14 20:00:00",2021-12-04,1512,1,34846,0,0,4762,31901,2547,6859,0,453380,11586,13742385,230,57,431969,13961419,6634581,291563,15440159
"QC","2022-01-14 20:00:00",2021-12-05,1256,1,29545,0,0,1018,29774,2276,4532,0,454636,11587,13771930,230,57,432987,13991193,6636857,296095,15440159
"QC","2022-01-14 20:00:00",2021-12-06,1189,2,25684,-4,5,977,20846,1263,4264,0,455825,11589,13797614,226,62,433964,14012039,6638120,300359,15440159
"QC","2022-01-14 20:00:00",2021-12-07,1234,5,31491,9,-4,971,22550,1648,8259,0,457059,11594,13829105,235,58,434935,14034589,6639768,308618,15440159
"QC","2022-01-14 20:00:00",2021-12-08,1367,2,36489,7,1,755,30698,1708,12504,0,458426,11596,13865594,242,59,435690,14065287,6641476,321122,15440159
"QC","2022-01-14 20:00:00",2021-12-09,1807,1,39837,13,1,861,35186,2355,15877,0,460233,11597,13905431,255,60,436551,14100473,6643831,336999,15440159
"QC","2022-01-14 20:00:00",2021-12-10,2013,6,39767,1,2,1171,36006,2457,18615,0,462246,11603,13945198,256,62,437722,14136479,6646288,355614,15440159
"QC","2022-01-14 20:00:00",2021-12-11,1982,4,38156,0,0,1261,42771,2664,23958,0,464228,11607,13983354,256,62,438983,14179250,6648952,379572,15440159
"QC","2022-01-14 20:00:00",2021-12-12,1753,1,34063,0,0,1348,31897,1976,12270,0,465981,11608,14017417,256,62,440331,14211147,6650928,391842,15440159
"QC","2022-01-14 20:00:00",2021-12-13,1628,3,30836,12,11,1416,26061,1349,14854,0,467609,11611,14048253,268,73,441747,14237208,6652277,406696,15440159
"QC","2022-01-14 20:00:00",2021-12-14,1747,7,35854,25,2,1374,35729,1652,22842,0,469356,11618,14084107,293,75,443121,14272937,6653929,429538,15440159
"QC","2022-01-14 20:00:00",2021-12-15,2386,4,42778,16,-2,1025,49544,1878,33467,0,471742,11622,14126885,309,73,444146,14322481,6655807,463005,15440159
"QC","2022-01-14 20:00:00",2021-12-16,2736,5,44911,-4,-10,1305,55165,2440,39925,0,474478,11627,14171796,305,63,445451,14377646,6658247,502930,15440159
"QC","2022-01-14 20:00:00",2021-12-17,3768,7,46691,7,-1,1603,59157,2870,43096,739300,478246,11634,14218487,312,62,447054,14436803,6661117,546026,16179459
"QC","2022-01-14 20:00:00",2021-12-18,3631,2,45493,35,12,1705,65893,2358,52323,0,481877,11636,14263980,347,74,448759,14502696,6663475,598349,16179459
"QC","2022-01-14 20:00:00",2021-12-19,3846,3,45534,29,5,0,52428,2148,38624,0,485723,11639,14309514,376,79,448759,14555124,6665623,636973,16179459
"QC","2022-01-14 20:00:00",2021-12-20,4571,3,43912,21,3,3750,47798,1690,40115,0,490294,11642,14353426,397,82,452509,14602922,6667313,677088,16179459
"QC","2022-01-14 20:00:00",2021-12-21,5043,8,50526,18,6,1860,77073,2226,66221,0,495337,11650,14403952,415,88,454369,14679995,6669539,743309,16179459
"QC","2022-01-14 20:00:00",2021-12-22,6361,2,52927,30,0,1516,89259,2502,79648,0,501698,11652,14456879,445,88,455885,14769254,6672041,822957,16179459
"QC","2022-01-14 20:00:00",2021-12-23,9397,6,60496,28,3,1745,96697,2880,87315,0,511095,11658,14517375,473,91,457630,14865951,6674921,910272,16179459
"QC","2022-01-14 20:00:00",2021-12-24,10031,2,55863,0,0,3017,97263,3523,87581,0,521126,11660,14573238,473,91,460647,14963214,6678444,997853,16179459
"QC","2022-01-14 20:00:00",2021-12-25,9206,4,53334,0,0,3559,0,0,0,0,530332,11664,14626572,473,91,464206,14963214,6678444,997853,16179459
"QC","2022-01-14 20:00:00",2021-12-26,8231,10,44022,0,0,0,0,0,0,0,538563,11674,14670594,473,91,464206,14963214,6678444,997853,16179459
"QC","2022-01-14 20:00:00",2021-12-27,7874,3,40759,0,0,8486,36954,824,34349,0,546437,11677,14711353,473,91,472692,15000168,6679268,1032202,16179459
"QC","2022-01-14 20:00:00",2021-12-28,12833,15,48190,229,24,5162,59818,1276,55892,0,559270,11692,14759543,702,115,477854,15059986,6680544,1088094,16179459
"QC","2022-01-14 20:00:00",2021-12-29,13149,10,53990,102,7,0,88883,1936,83600,0,572419,11702,14813533,804,122,477854,15148869,6682480,1171694,16179459
"QC","2022-01-14 20:00:00",2021-12-30,14188,9,55446,135,16,10176,96271,2678,88990,769040,586607,11711,14868979,939,138,488030,15245140,6685158,1260684,16948499
"QC","2022-01-14 20:00:00",2021-12-31,16461,13,0,124,13,0,88164,2540,82212,0,603068,11724,14868979,1063,151,488030,15333304,6687698,1342896,16948499
"QC","2022-01-14 20:00:00",2022-01-01,17122,8,0,98,2,0,0,0,0,0,620190,11732,14868979,1161,153,488030,15333304,6687698,1342896,16948499
"QC","2022-01-14 20:00:00",2022-01-02,15845,13,0,70,9,0,0,0,0,0,636035,11745,14868979,1231,162,488030,15333304,6687698,1342896,16948499
"QC","2022-01-14 20:00:00",2022-01-03,15293,15,0,165,19,0,0,0,0,0,651328,11760,14868979,1396,181,488030,15333304,6687698,1342896,16948499
"QC","2022-01-14 20:00:00",2022-01-04,14494,21,0,196,4,0,123826,3865,114871,0,665822,11781,14868979,1592,185,488030,15457130,6691563,1457767,16948499
"QC","2022-01-14 20:00:00",2022-01-05,14486,39,260166,158,6,64832,94792,2146,89313,0,680308,11820,15129145,1750,191,552862,15551922,6693709,1547080,16948499
"QC","2022-01-14 20:00:00",2022-01-06,15874,26,56042,203,16,9853,99957,2862,92985,0,696182,11846,15185187,1953,207,562715,15651879,6696571,1640065,16948499
"QC","2022-01-14 20:00:00",2022-01-07,16176,27,61305,180,22,14712,110333,3923,102068,0,712358,11873,15246492,2133,229,577427,15762212,6700494,1742133,16948499
"QC","2022-01-14 20:00:00",2022-01-08,15928,44,0,163,16,0,105595,2836,98326,0,728286,11917,15246492,2296,245,577427,15867807,6703330,1840459,16948499
"QC","2022-01-14 20:00:00",2022-01-09,11007,23,0,140,12,0,73305,2161,66689,0,739293,11940,15246492,2436,257,577427,15941112,6705491,1907148,16948499
"QC","2022-01-14 20:00:00",2022-01-10,10573,26,153019,118,-9,54223,66416,1635,61705,0,749866,11966,15399511,2554,248,631650,16007528,6707126,1968853,16948499
"QC","2022-01-14 20:00:00",2022-01-11,8710,62,39157,188,7,14450,101504,2227,95840,0,758576,12028,15438668,2742,255,646100,16109032,6709353,2064693,16948499
"QC","2022-01-14 20:00:00",2022-01-12,8351,52,38341,135,8,11124,111678,2264,105689,0,766927,12080,15477009,2877,263,657224,16220710,6711617,2170382,16948499
"QC","2022-01-14 20:00:00",2022-01-13,8793,45,0,117,9,0,116981,2900,108565,0,775720,12125,15477009,2994,272,657224,16337691,6714517,2278947,16948499
"QC","2022-01-14 20:00:00",2022-01-14,7382,68,85788,91,3,32624,115558,3395,107067,0,783102,12193,15562797,3085,275,689848,16453249,6717912,2386014,16948499
"QC","2022-01-14 20:00:00",2022-01-15,6705,96,0,110,0,0,0,0,0,0,789807,12289,15562797,3195,275,689848,16453249,6717912,2386014,16948499
